-- phpMyAdmin SQL Dump
-- version 4.4.2
-- http://www.phpmyadmin.net
--
-- Host: localhost
-- Generation Time: 2015 年 4 月 17 日 16:56
-- サーバのバージョン： 5.6.24
-- PHP Version: 5.6.6

SET SQL_MODE = "NO_AUTO_VALUE_ON_ZERO";
SET time_zone = "+00:00";


/*!40101 SET @OLD_CHARACTER_SET_CLIENT=@@CHARACTER_SET_CLIENT */;
/*!40101 SET @OLD_CHARACTER_SET_RESULTS=@@CHARACTER_SET_RESULTS */;
/*!40101 SET @OLD_COLLATION_CONNECTION=@@COLLATION_CONNECTION */;
/*!40101 SET NAMES utf8 */;

--
-- Database: `hoiku_staging`
--

-- --------------------------------------------------------

--
-- テーブルの構造 `ads`
--

CREATE TABLE IF NOT EXISTS `ads` (
  `ads_id` int(9) unsigned NOT NULL,
  `ads_group_id` int(9) unsigned NOT NULL,
  `job_id` int(9) unsigned NOT NULL COMMENT 'title column for ads when it is ',
  `title` varchar(255) NOT NULL,
  `url` varchar(255) NOT NULL,
  `content` varchar(255) NOT NULL,
  `start_date` datetime NOT NULL DEFAULT '1000-01-01 00:00:00',
  `end_date` datetime NOT NULL DEFAULT '1000-01-01 00:00:00',
  `status` tinyint(1) unsigned NOT NULL DEFAULT '1' COMMENT '0:public\n1:private',
  `ordered` int(9) unsigned NOT NULL,
  `created` datetime NOT NULL DEFAULT '1000-01-01 00:00:00',
  `delete_flg` tinyint(1) unsigned NOT NULL DEFAULT '0'
) ENGINE=InnoDB DEFAULT CHARSET=utf8;

-- --------------------------------------------------------

--
-- テーブルの構造 `ads_group`
--

CREATE TABLE IF NOT EXISTS `ads_group` (
  `ads_group_id` int(9) unsigned NOT NULL,
  `name` varchar(255) NOT NULL COMMENT 'ad column title name\nexample:「駅から近いおすすめ求人！」\n',
  `description` varchar(255) NOT NULL COMMENT 'note for administrator\n',
  `ordered` int(9) unsigned NOT NULL,
  `status` tinyint(1) unsigned NOT NULL DEFAULT '1',
  `created` datetime NOT NULL DEFAULT '1000-01-01 00:00:00',
  `area_id` int(9) unsigned NOT NULL,
  `type` tinyint(2) unsigned NOT NULL
) ENGINE=InnoDB DEFAULT CHARSET=utf8;

-- --------------------------------------------------------

--
-- テーブルの構造 `analyze`
--

CREATE TABLE IF NOT EXISTS `analyze` (
  `analyze_id` int(9) unsigned NOT NULL,
  `ip` varchar(255) NOT NULL,
  `page` varchar(255) NOT NULL,
  `utm_source` varchar(255) NOT NULL,
  `utm_medium` varchar(255) NOT NULL,
  `utm_campaign` varchar(255) NOT NULL,
  `career_type` tinyint(1) unsigned NOT NULL DEFAULT '1',
  `created` datetime NOT NULL DEFAULT '1000-01-01 00:00:00'
) ENGINE=InnoDB AUTO_INCREMENT=28 DEFAULT CHARSET=utf8;

--
-- テーブルのデータのダンプ `analyze`
--

INSERT INTO `analyze` (`analyze_id`, `ip`, `page`, `utm_source`, `utm_medium`, `utm_campaign`, `career_type`, `created`) VALUES
(17, '', 'proto_a', 'yahoo', 'cpc', 'zubatto', 1, '2015-04-16 18:13:14'),
(18, '', 'proto_a', 'yahoo', 'cpc', 'zubatto', 1, '2015-04-16 18:55:59'),
(19, '', 'proto_a', 'yahoo', 'cpc', 'zubatto', 1, '2015-04-16 18:57:03'),
(20, '', 'proto_a', 'yahoo', 'cpc', 'zubatto', 1, '2015-04-16 18:59:51'),
(21, '', 'proto_a', 'yahoo', 'cpc', 'zubatto', 1, '2015-04-16 19:00:12'),
(22, '', 'proto_a', 'yahoo', 'cpc', 'testaya', 1, '2015-04-16 19:00:40'),
(23, '', 'proto_a', 'yahoo', 'mememem', 'testaya', 1, '2015-04-16 19:01:05'),
(24, '', 'proto_a', 'yahoo', 'cpc', 'zubatto', 1, '2015-04-16 20:10:01'),
(25, '', 'proto_a', 'yahoo', 'cpc', 'zubatto', 1, '2015-04-16 20:10:09'),
(26, '', 'proto_a', '', '', '', 1, '2015-04-17 09:56:13'),
(27, '', 'proto_a', '', '', '', 1, '2015-04-17 10:02:23');

-- --------------------------------------------------------

--
-- テーブルの構造 `analyze_job`
--

CREATE TABLE IF NOT EXISTS `analyze_job` (
  `analyze_job_id` int(9) unsigned NOT NULL,
  `open_jobs_number` int(9) unsigned NOT NULL,
  `closed_jobs_number` int(9) unsigned NOT NULL,
  `created` datetime NOT NULL DEFAULT '1000-01-01 00:00:00'
) ENGINE=InnoDB DEFAULT CHARSET=utf8;

-- --------------------------------------------------------

--
-- テーブルの構造 `applicant_agency`
--

CREATE TABLE IF NOT EXISTS `applicant_agency` (
  `applicant_agency_id` int(9) unsigned NOT NULL,
  `user_id` int(9) unsigned NOT NULL,
  `client_id` int(9) unsigned NOT NULL,
  `admin_comment` varchar(255) NOT NULL DEFAULT '',
  `client_comment` varchar(255) NOT NULL DEFAULT '',
  `status` tinyint(1) unsigned NOT NULL DEFAULT '0',
  `created` datetime NOT NULL DEFAULT '1000-01-01 00:00:00',
  `delete_flg` tinyint(1) unsigned NOT NULL DEFAULT '0'
) ENGINE=InnoDB DEFAULT CHARSET=utf8;

-- --------------------------------------------------------

--
-- テーブルの構造 `applicant_job`
--

CREATE TABLE IF NOT EXISTS `applicant_job` (
  `applicant_job_id` int(9) unsigned NOT NULL,
  `user_id` int(9) unsigned NOT NULL,
  `job_id` int(9) unsigned NOT NULL,
  `admin_comment` varchar(255) NOT NULL DEFAULT '',
  `client_comment` varchar(255) NOT NULL DEFAULT '',
  `status` tinyint(1) unsigned NOT NULL DEFAULT '0',
  `created` datetime NOT NULL DEFAULT '1000-01-01 00:00:00',
  `delete_flg` tinyint(1) unsigned NOT NULL DEFAULT '0'
) ENGINE=InnoDB DEFAULT CHARSET=utf8;

-- --------------------------------------------------------

--
-- テーブルの構造 `area`
--

CREATE TABLE IF NOT EXISTS `area` (
  `area_id` int(9) unsigned NOT NULL,
  `name` varchar(255) NOT NULL,
  `pref_id` int(9) unsigned NOT NULL COMMENT 'prefecture master id key.',
  `city_id` int(9) unsigned NOT NULL COMMENT 'city master name related id',
  `region_id` int(9) unsigned NOT NULL COMMENT 'region master name related id.',
  `ordered` int(9) unsigned NOT NULL,
  `delete_flg` tinyint(1) unsigned NOT NULL DEFAULT '0'
) ENGINE=InnoDB AUTO_INCREMENT=47387 DEFAULT CHARSET=utf8;

--
-- テーブルのデータのダンプ `area`
--

INSERT INTO `area` (`area_id`, `name`, `pref_id`, `city_id`, `region_id`, `ordered`, `delete_flg`) VALUES
(1, '北海道', 0, 0, 0, 1, 0),
(2, '東北', 0, 0, 0, 2, 0),
(3, '関東', 0, 0, 0, 3, 0),
(4, '甲信越・北陸', 0, 0, 0, 4, 0),
(5, '東海', 0, 0, 0, 5, 0),
(6, '関西', 0, 0, 0, 6, 0),
(7, '中国', 0, 0, 0, 7, 0),
(8, '四国', 0, 0, 0, 8, 0),
(9, '九州・沖縄', 0, 0, 0, 9, 0),
(10, '北海道', 1, 0, 1, 1, 0),
(20, '青森県', 2, 0, 2, 1, 0),
(30, '岩手県', 3, 0, 2, 2, 0),
(40, '宮城県', 4, 0, 2, 3, 0),
(50, '秋田県', 5, 0, 2, 4, 0),
(60, '山形県', 6, 0, 2, 5, 0),
(70, '福島県', 7, 0, 2, 6, 0),
(80, '茨城県', 8, 0, 3, 1, 0),
(90, '栃木県', 9, 0, 3, 2, 0),
(100, '群馬県', 10, 0, 3, 3, 0),
(110, '埼玉県', 11, 0, 3, 4, 0),
(120, '千葉県', 12, 0, 3, 5, 0),
(130, '東京都', 13, 0, 3, 6, 0),
(140, '神奈川県', 14, 0, 3, 7, 0),
(150, '新潟県', 15, 0, 4, 1, 0),
(160, '富山県', 16, 0, 4, 2, 0),
(170, '石川県', 17, 0, 4, 3, 0),
(180, '福井県', 18, 0, 4, 4, 0),
(190, '山梨県', 19, 0, 4, 5, 0),
(200, '長野県', 20, 0, 4, 6, 0),
(210, '岐阜県', 21, 0, 5, 1, 0),
(220, '静岡県', 22, 0, 5, 2, 0),
(230, '愛知県', 23, 0, 5, 3, 0),
(240, '三重県', 24, 0, 5, 4, 0),
(250, '滋賀県', 25, 0, 6, 1, 0),
(260, '京都府', 26, 0, 6, 2, 0),
(270, '大阪府', 27, 0, 6, 3, 0),
(280, '兵庫県', 28, 0, 6, 4, 0),
(290, '奈良県', 29, 0, 6, 5, 0),
(300, '和歌山県', 30, 0, 6, 6, 0),
(310, '鳥取県', 31, 0, 7, 1, 0),
(320, '島根県', 32, 0, 7, 2, 0),
(330, '岡山県', 33, 0, 7, 3, 0),
(340, '広島県', 34, 0, 7, 4, 0),
(350, '山口県', 35, 0, 7, 5, 0),
(360, '徳島県', 36, 0, 8, 1, 0),
(370, '香川県', 37, 0, 8, 2, 0),
(380, '愛媛県', 38, 0, 8, 3, 0),
(390, '高知県', 39, 0, 8, 4, 0),
(400, '福岡県', 40, 0, 9, 1, 0),
(410, '佐賀県', 41, 0, 9, 2, 0),
(420, '長崎県', 42, 0, 9, 3, 0),
(430, '熊本県', 43, 0, 9, 4, 0),
(440, '大分県', 44, 0, 9, 5, 0),
(450, '宮崎県', 45, 0, 9, 6, 0),
(460, '鹿児島県', 46, 0, 9, 7, 0),
(470, '沖縄県', 47, 0, 9, 8, 0),
(1101, '札幌市中央区', 1, 1, 10, 1, 0),
(1102, '札幌市北区', 1, 2, 10, 2, 0),
(1103, '札幌市東区', 1, 3, 10, 3, 0),
(1104, '札幌市白石区', 1, 4, 10, 4, 0),
(1105, '札幌市豊平区', 1, 5, 10, 5, 0),
(1106, '札幌市南区', 1, 6, 10, 6, 0),
(1107, '札幌市西区', 1, 7, 10, 7, 0),
(1108, '札幌市厚別区', 1, 8, 10, 8, 0),
(1109, '札幌市手稲区', 1, 9, 10, 9, 0),
(1110, '札幌市清田区', 1, 10, 10, 10, 0),
(1202, '函館市', 1, 11, 10, 11, 0),
(1203, '小樽市', 1, 12, 10, 12, 0),
(1204, '旭川市', 1, 13, 10, 13, 0),
(1205, '室蘭市', 1, 14, 10, 14, 0),
(1206, '釧路市', 1, 15, 10, 15, 0),
(1207, '帯広市', 1, 16, 10, 16, 0),
(1208, '北見市', 1, 17, 10, 17, 0),
(1209, '夕張市', 1, 18, 10, 18, 0),
(1210, '岩見沢市', 1, 19, 10, 19, 0),
(1211, '網走市', 1, 20, 10, 20, 0),
(1212, '留萌市', 1, 21, 10, 21, 0),
(1213, '苫小牧市', 1, 22, 10, 22, 0),
(1214, '稚内市', 1, 23, 10, 23, 0),
(1215, '美唄市', 1, 24, 10, 24, 0),
(1216, '芦別市', 1, 25, 10, 25, 0),
(1217, '江別市', 1, 26, 10, 26, 0),
(1218, '赤平市', 1, 27, 10, 27, 0),
(1219, '紋別市', 1, 28, 10, 28, 0),
(1220, '士別市', 1, 29, 10, 29, 0),
(1221, '名寄市', 1, 30, 10, 30, 0),
(1222, '三笠市', 1, 31, 10, 31, 0),
(1223, '根室市', 1, 32, 10, 32, 0),
(1224, '千歳市', 1, 33, 10, 33, 0),
(1225, '滝川市', 1, 34, 10, 34, 0),
(1226, '砂川市', 1, 35, 10, 35, 0),
(1227, '歌志内市', 1, 36, 10, 36, 0),
(1228, '深川市', 1, 37, 10, 37, 0),
(1229, '富良野市', 1, 38, 10, 38, 0),
(1230, '登別市', 1, 39, 10, 39, 0),
(1231, '恵庭市', 1, 40, 10, 40, 0),
(1233, '伊達市', 1, 41, 10, 41, 0),
(1234, '北広島市', 1, 42, 10, 42, 0),
(1235, '石狩市', 1, 43, 10, 43, 0),
(1303, '当別町', 1, 44, 10, 44, 0),
(1304, '新篠津村', 1, 45, 10, 45, 0),
(1331, '松前町', 1, 46, 10, 46, 0),
(1332, '福島町', 1, 47, 10, 47, 0),
(1333, '知内町', 1, 48, 10, 48, 0),
(1334, '木古内町', 1, 49, 10, 49, 0),
(1337, '七飯町', 1, 50, 10, 50, 0),
(1343, '鹿部町', 1, 51, 10, 51, 0),
(1345, '森町', 1, 52, 10, 52, 0),
(1346, '八雲町', 1, 53, 10, 53, 0),
(1347, '長万部町', 1, 54, 10, 54, 0),
(1361, '江差町', 1, 55, 10, 55, 0),
(1362, '上ノ国町', 1, 56, 10, 56, 0),
(1363, '厚沢部町', 1, 57, 10, 57, 0),
(1364, '乙部町', 1, 58, 10, 58, 0),
(1367, '奥尻町', 1, 59, 10, 59, 0),
(1370, '今金町', 1, 60, 10, 60, 0),
(1391, '島牧村', 1, 61, 10, 61, 0),
(1392, '寿都町', 1, 62, 10, 62, 0),
(1393, '黒松内町', 1, 63, 10, 63, 0),
(1394, '蘭越町', 1, 64, 10, 64, 0),
(1395, 'ニセコ町', 1, 65, 10, 65, 0),
(1396, '真狩村', 1, 66, 10, 66, 0),
(1397, '留寿都村', 1, 67, 10, 67, 0),
(1398, '喜茂別町', 1, 68, 10, 68, 0),
(1399, '京極町', 1, 69, 10, 69, 0),
(1400, '倶知安町', 1, 70, 10, 70, 0),
(1401, '共和町', 1, 71, 10, 71, 0),
(1402, '岩内町', 1, 72, 10, 72, 0),
(1403, '泊村', 1, 73, 10, 73, 0),
(1404, '神恵内村', 1, 74, 10, 74, 0),
(1405, '積丹町', 1, 75, 10, 75, 0),
(1406, '古平町', 1, 76, 10, 76, 0),
(1407, '仁木町', 1, 77, 10, 77, 0),
(1408, '余市町', 1, 78, 10, 78, 0),
(1409, '赤井川村', 1, 79, 10, 79, 0),
(1423, '南幌町', 1, 80, 10, 80, 0),
(1424, '奈井江町', 1, 81, 10, 81, 0),
(1425, '上砂川町', 1, 82, 10, 82, 0),
(1427, '由仁町', 1, 83, 10, 83, 0),
(1428, '長沼町', 1, 84, 10, 84, 0),
(1429, '栗山町', 1, 85, 10, 85, 0),
(1430, '月形町', 1, 86, 10, 86, 0),
(1431, '浦臼町', 1, 87, 10, 87, 0),
(1432, '新十津川町', 1, 88, 10, 88, 0),
(1433, '妹背牛町', 1, 89, 10, 89, 0),
(1434, '秩父別町', 1, 90, 10, 90, 0),
(1436, '雨竜町', 1, 91, 10, 91, 0),
(1437, '北竜町', 1, 92, 10, 92, 0),
(1438, '沼田町', 1, 93, 10, 93, 0),
(1439, '幌加内町', 1, 94, 10, 94, 0),
(1452, '鷹栖町', 1, 95, 10, 95, 0),
(1453, '東神楽町', 1, 96, 10, 96, 0),
(1454, '当麻町', 1, 97, 10, 97, 0),
(1455, '比布町', 1, 98, 10, 98, 0),
(1456, '愛別町', 1, 99, 10, 99, 0),
(1457, '上川町', 1, 100, 10, 100, 0),
(1458, '東川町', 1, 101, 10, 101, 0),
(1459, '美瑛町', 1, 102, 10, 102, 0),
(1460, '上富良野町', 1, 103, 10, 103, 0),
(1461, '中富良野町', 1, 104, 10, 104, 0),
(1462, '南富良野町', 1, 105, 10, 105, 0),
(1463, '占冠村', 1, 106, 10, 106, 0),
(1464, '和寒町', 1, 107, 10, 107, 0),
(1465, '剣淵町', 1, 108, 10, 108, 0),
(1468, '下川町', 1, 109, 10, 109, 0),
(1469, '美深町', 1, 110, 10, 110, 0),
(1470, '音威子府村', 1, 111, 10, 111, 0),
(1471, '中川町', 1, 112, 10, 112, 0),
(1481, '増毛町', 1, 113, 10, 113, 0),
(1482, '小平町', 1, 114, 10, 114, 0),
(1483, '苫前町', 1, 115, 10, 115, 0),
(1484, '羽幌町', 1, 116, 10, 116, 0),
(1485, '初山別村', 1, 117, 10, 117, 0),
(1486, '遠別町', 1, 118, 10, 118, 0),
(1487, '天塩町', 1, 119, 10, 119, 0),
(1488, '幌延町', 1, 120, 10, 120, 0),
(1511, '猿払村', 1, 121, 10, 121, 0),
(1512, '浜頓別町', 1, 122, 10, 122, 0),
(1513, '中頓別町', 1, 123, 10, 123, 0),
(1514, '枝幸町', 1, 124, 10, 124, 0),
(1516, '豊富町', 1, 125, 10, 125, 0),
(1517, '礼文町', 1, 126, 10, 126, 0),
(1518, '利尻町', 1, 127, 10, 127, 0),
(1519, '利尻富士町', 1, 128, 10, 128, 0),
(1543, '美幌町', 1, 129, 10, 129, 0),
(1544, '津別町', 1, 130, 10, 130, 0),
(1545, '斜里町', 1, 131, 10, 131, 0),
(1546, '清里町', 1, 132, 10, 132, 0),
(1547, '小清水町', 1, 133, 10, 133, 0),
(1549, '訓子府町', 1, 134, 10, 134, 0),
(1550, '置戸町', 1, 135, 10, 135, 0),
(1552, '佐呂間町', 1, 136, 10, 136, 0),
(1555, '遠軽町', 1, 137, 10, 137, 0),
(1559, '湧別町', 1, 138, 10, 138, 0),
(1560, '滝上町', 1, 139, 10, 139, 0),
(1561, '興部町', 1, 140, 10, 140, 0),
(1562, '西興部村', 1, 141, 10, 141, 0),
(1563, '雄武町', 1, 142, 10, 142, 0),
(1571, '豊浦町', 1, 143, 10, 143, 0),
(1575, '壮瞥町', 1, 144, 10, 144, 0),
(1578, '白老町', 1, 145, 10, 145, 0),
(1581, '厚真町', 1, 146, 10, 146, 0),
(1601, '日高町', 1, 147, 10, 147, 0),
(1602, '平取町', 1, 148, 10, 148, 0),
(1604, '新冠町', 1, 149, 10, 149, 0),
(1607, '浦河町', 1, 150, 10, 150, 0),
(1608, '様似町', 1, 151, 10, 151, 0),
(1609, 'えりも町', 1, 152, 10, 152, 0),
(1610, '新ひだか町', 1, 153, 10, 153, 0),
(1631, '音更町', 1, 154, 10, 154, 0),
(1632, '士幌町', 1, 155, 10, 155, 0),
(1633, '上士幌町', 1, 156, 10, 156, 0),
(1634, '鹿追町', 1, 157, 10, 157, 0),
(1635, '新得町', 1, 158, 10, 158, 0),
(1636, '清水町', 1, 159, 10, 159, 0),
(1637, '芽室町', 1, 160, 10, 160, 0),
(1638, '中札内村', 1, 161, 10, 161, 0),
(1639, '更別村', 1, 162, 10, 162, 0),
(1641, '大樹町', 1, 163, 10, 163, 0),
(1642, '広尾町', 1, 164, 10, 164, 0),
(1643, '幕別町', 1, 165, 10, 165, 0),
(1644, '池田町', 1, 166, 10, 166, 0),
(1645, '豊頃町', 1, 167, 10, 167, 0),
(1646, '本別町', 1, 168, 10, 168, 0),
(1647, '足寄町', 1, 169, 10, 169, 0),
(1648, '陸別町', 1, 170, 10, 170, 0),
(1649, '浦幌町', 1, 171, 10, 171, 0),
(1661, '釧路町', 1, 172, 10, 172, 0),
(1662, '厚岸町', 1, 173, 10, 173, 0),
(1663, '浜中町', 1, 174, 10, 174, 0),
(1664, '標茶町', 1, 175, 10, 175, 0),
(1665, '弟子屈町', 1, 176, 10, 176, 0),
(1667, '鶴居村', 1, 177, 10, 177, 0),
(1668, '白糠町', 1, 178, 10, 178, 0),
(1691, '別海町', 1, 179, 10, 179, 0),
(1692, '中標津町', 1, 180, 10, 180, 0),
(1693, '標津町', 1, 181, 10, 181, 0),
(1694, '羅臼町', 1, 182, 10, 182, 0),
(1695, '北斗市', 1, 183, 10, 183, 0),
(1696, 'せたな町', 1, 184, 10, 184, 0),
(1697, '大空町', 1, 185, 10, 185, 0),
(1698, '洞爺湖町', 1, 186, 10, 186, 0),
(1699, '安平町', 1, 187, 10, 187, 0),
(1700, 'むかわ町', 1, 188, 10, 188, 0),
(2201, '青森市', 2, 189, 20, 1, 0),
(2202, '弘前市', 2, 190, 20, 2, 0),
(2203, '八戸市', 2, 191, 20, 3, 0),
(2204, '黒石市', 2, 192, 20, 4, 0),
(2205, '五所川原市', 2, 193, 20, 5, 0),
(2206, '十和田市', 2, 194, 20, 6, 0),
(2207, '三沢市', 2, 195, 20, 7, 0),
(2208, 'むつ市', 2, 196, 20, 8, 0),
(2301, '平内町', 2, 197, 20, 9, 0),
(2303, '今別町', 2, 198, 20, 10, 0),
(2304, '蓬田村', 2, 199, 20, 11, 0),
(2321, '鰺ヶ沢町', 2, 200, 20, 12, 0),
(2323, '深浦町', 2, 201, 20, 13, 0),
(2343, '西目屋村', 2, 202, 20, 14, 0),
(2361, '藤崎町', 2, 203, 20, 15, 0),
(2362, '大鰐町', 2, 204, 20, 16, 0),
(2367, '田舎館村', 2, 205, 20, 17, 0),
(2381, '板柳町', 2, 206, 20, 18, 0),
(2384, '鶴田町', 2, 207, 20, 19, 0),
(2401, '野辺地町', 2, 208, 20, 20, 0),
(2402, '七戸町', 2, 209, 20, 21, 0),
(2405, '六戸町', 2, 210, 20, 22, 0),
(2406, '横浜町', 2, 211, 20, 23, 0),
(2408, '東北町', 2, 212, 20, 24, 0),
(2411, '六ヶ所村', 2, 213, 20, 25, 0),
(2423, '大間町', 2, 214, 20, 26, 0),
(2424, '東通村', 2, 215, 20, 27, 0),
(2425, '風間浦村', 2, 216, 20, 28, 0),
(2426, '佐井村', 2, 217, 20, 29, 0),
(2441, '三戸町', 2, 218, 20, 30, 0),
(2442, '五戸町', 2, 219, 20, 31, 0),
(2443, '田子町', 2, 220, 20, 32, 0),
(2445, '南部町', 2, 221, 20, 33, 0),
(2446, '階上町', 2, 222, 20, 34, 0),
(2450, '新郷村', 2, 223, 20, 35, 0),
(2451, 'つがる市', 2, 224, 20, 36, 0),
(2452, '平川市', 2, 225, 20, 37, 0),
(2453, '外ヶ浜町', 2, 226, 20, 38, 0),
(2454, '中泊町', 2, 227, 20, 39, 0),
(2455, 'おいらせ町', 2, 228, 20, 40, 0),
(3201, '盛岡市', 3, 229, 30, 1, 0),
(3202, '宮古市', 3, 230, 30, 2, 0),
(3203, '大船渡市', 3, 231, 30, 3, 0),
(3205, '花巻市', 3, 232, 30, 4, 0),
(3206, '北上市', 3, 233, 30, 5, 0),
(3207, '久慈市', 3, 234, 30, 6, 0),
(3208, '遠野市', 3, 235, 30, 7, 0),
(3209, '一関市', 3, 236, 30, 8, 0),
(3210, '陸前高田市', 3, 237, 30, 9, 0),
(3211, '釜石市', 3, 238, 30, 10, 0),
(3213, '二戸市', 3, 239, 30, 11, 0),
(3301, '雫石町', 3, 240, 30, 12, 0),
(3302, '葛巻町', 3, 241, 30, 13, 0),
(3303, '岩手町', 3, 242, 30, 14, 0),
(3305, '滝沢市', 3, 243, 30, 15, 0),
(3321, '紫波町', 3, 244, 30, 16, 0),
(3322, '矢巾町', 3, 245, 30, 17, 0),
(3402, '平泉町', 3, 246, 30, 18, 0),
(3441, '住田町', 3, 247, 30, 19, 0),
(3461, '大槌町', 3, 248, 30, 20, 0),
(3482, '山田町', 3, 249, 30, 21, 0),
(3483, '岩泉町', 3, 250, 30, 22, 0),
(3484, '田野畑村', 3, 251, 30, 23, 0),
(3485, '普代村', 3, 252, 30, 24, 0),
(3501, '軽米町', 3, 253, 30, 25, 0),
(3503, '野田村', 3, 254, 30, 26, 0),
(3506, '九戸村', 3, 255, 30, 27, 0),
(3524, '一戸町', 3, 256, 30, 28, 0),
(3525, '八幡平市', 3, 257, 30, 29, 0),
(3526, '奥州市', 3, 258, 30, 30, 0),
(3527, '西和賀町', 3, 259, 30, 31, 0),
(3528, '金ケ崎町', 3, 260, 30, 32, 0),
(3529, '洋野町', 3, 261, 30, 33, 0),
(4101, '仙台市青葉区', 4, 262, 40, 1, 0),
(4102, '仙台市宮城野区', 4, 263, 40, 2, 0),
(4103, '仙台市若林区', 4, 264, 40, 3, 0),
(4104, '仙台市太白区', 4, 265, 40, 4, 0),
(4105, '仙台市泉区', 4, 266, 40, 5, 0),
(4202, '石巻市', 4, 267, 40, 6, 0),
(4203, '塩竈市', 4, 268, 40, 7, 0),
(4205, '気仙沼市', 4, 269, 40, 8, 0),
(4206, '白石市', 4, 270, 40, 9, 0),
(4207, '名取市', 4, 271, 40, 10, 0),
(4208, '角田市', 4, 272, 40, 11, 0),
(4209, '多賀城市', 4, 273, 40, 12, 0),
(4211, '岩沼市', 4, 274, 40, 13, 0),
(4301, '蔵王町', 4, 275, 40, 14, 0),
(4321, '大河原町', 4, 276, 40, 15, 0),
(4322, '村田町', 4, 277, 40, 16, 0),
(4323, '柴田町', 4, 278, 40, 17, 0),
(4324, '川崎町', 4, 279, 40, 18, 0),
(4341, '丸森町', 4, 280, 40, 19, 0),
(4361, '亘理町', 4, 281, 40, 20, 0),
(4362, '山元町', 4, 282, 40, 21, 0),
(4401, '松島町', 4, 283, 40, 22, 0),
(4404, '七ヶ浜町', 4, 284, 40, 23, 0),
(4406, '利府町', 4, 285, 40, 24, 0),
(4421, '大和町', 4, 286, 40, 25, 0),
(4422, '大郷町', 4, 287, 40, 26, 0),
(4423, '富谷町', 4, 288, 40, 27, 0),
(4424, '大衡村', 4, 289, 40, 28, 0),
(4444, '色麻町', 4, 290, 40, 29, 0),
(4445, '加美町', 4, 291, 40, 30, 0),
(4501, '涌谷町', 4, 292, 40, 31, 0),
(4581, '女川町', 4, 293, 40, 32, 0),
(4606, '登米市', 4, 294, 40, 33, 0),
(4607, '栗原市', 4, 295, 40, 34, 0),
(4608, '東松島市', 4, 296, 40, 35, 0),
(4609, '大崎市', 4, 297, 40, 36, 0),
(4610, '七ケ宿町', 4, 298, 40, 37, 0),
(4611, '美里町', 4, 299, 40, 38, 0),
(5201, '秋田市', 5, 300, 50, 1, 0),
(5202, '能代市', 5, 301, 50, 2, 0),
(5203, '横手市', 5, 302, 50, 3, 0),
(5204, '大館市', 5, 303, 50, 4, 0),
(5206, '男鹿市', 5, 304, 50, 5, 0),
(5207, '湯沢市', 5, 305, 50, 6, 0),
(5209, '鹿角市', 5, 306, 50, 7, 0),
(5303, '小坂町', 5, 307, 50, 8, 0),
(5327, '上小阿仁村', 5, 308, 50, 9, 0),
(5346, '藤里町', 5, 309, 50, 10, 0),
(5361, '五城目町', 5, 310, 50, 11, 0),
(5363, '八郎潟町', 5, 311, 50, 12, 0),
(5366, '井川町', 5, 312, 50, 13, 0),
(5368, '大潟村', 5, 313, 50, 14, 0),
(5463, '羽後町', 5, 314, 50, 15, 0),
(5464, '東成瀬村', 5, 315, 50, 16, 0),
(5466, '由利本荘市', 5, 316, 50, 17, 0),
(5467, '潟上市', 5, 317, 50, 18, 0),
(5468, '大仙市', 5, 318, 50, 19, 0),
(5469, '北秋田市', 5, 319, 50, 20, 0),
(5470, 'にかほ市', 5, 320, 50, 21, 0),
(5471, '仙北市', 5, 321, 50, 22, 0),
(5472, '三種町', 5, 322, 50, 23, 0),
(5473, '八峰町', 5, 323, 50, 24, 0),
(5474, '美郷町', 5, 324, 50, 25, 0),
(6201, '山形市', 6, 325, 60, 1, 0),
(6202, '米沢市', 6, 326, 60, 2, 0),
(6203, '鶴岡市', 6, 327, 60, 3, 0),
(6204, '酒田市', 6, 328, 60, 4, 0),
(6205, '新庄市', 6, 329, 60, 5, 0),
(6206, '寒河江市', 6, 330, 60, 6, 0),
(6207, '上山市', 6, 331, 60, 7, 0),
(6208, '村山市', 6, 332, 60, 8, 0),
(6209, '長井市', 6, 333, 60, 9, 0),
(6210, '天童市', 6, 334, 60, 10, 0),
(6211, '東根市', 6, 335, 60, 11, 0),
(6212, '尾花沢市', 6, 336, 60, 12, 0),
(6213, '南陽市', 6, 337, 60, 13, 0),
(6301, '山辺町', 6, 338, 60, 14, 0),
(6302, '中山町', 6, 339, 60, 15, 0),
(6321, '河北町', 6, 340, 60, 16, 0),
(6322, '西川町', 6, 341, 60, 17, 0),
(6323, '朝日町', 6, 342, 60, 18, 0),
(6324, '大江町', 6, 343, 60, 19, 0),
(6341, '大石田町', 6, 344, 60, 20, 0),
(6361, '金山町', 6, 345, 60, 21, 0),
(6362, '最上町', 6, 346, 60, 22, 0),
(6363, '舟形町', 6, 347, 60, 23, 0),
(6364, '真室川町', 6, 348, 60, 24, 0),
(6365, '大蔵村', 6, 349, 60, 25, 0),
(6366, '鮭川村', 6, 350, 60, 26, 0),
(6367, '戸沢村', 6, 351, 60, 27, 0),
(6381, '高畠町', 6, 352, 60, 28, 0),
(6382, '川西町', 6, 353, 60, 29, 0),
(6401, '小国町', 6, 354, 60, 30, 0),
(6402, '白鷹町', 6, 355, 60, 31, 0),
(6403, '飯豊町', 6, 356, 60, 32, 0),
(6426, '三川町', 6, 357, 60, 33, 0),
(6461, '遊佐町', 6, 358, 60, 34, 0),
(6465, '庄内町', 6, 359, 60, 35, 0),
(7201, '福島市', 7, 360, 70, 1, 0),
(7202, '会津若松市', 7, 361, 70, 2, 0),
(7203, '郡山市', 7, 362, 70, 3, 0),
(7204, 'いわき市', 7, 363, 70, 4, 0),
(7205, '白河市', 7, 364, 70, 5, 0),
(7207, '須賀川市', 7, 365, 70, 6, 0),
(7208, '喜多方市', 7, 366, 70, 7, 0),
(7209, '相馬市', 7, 367, 70, 8, 0),
(7210, '二本松市', 7, 368, 70, 9, 0),
(7301, '桑折町', 7, 369, 70, 10, 0),
(7302, '伊達町', 7, 370, 70, 11, 0),
(7303, '国見町', 7, 371, 70, 12, 0),
(7308, '川俣町', 7, 372, 70, 13, 0),
(7322, '大玉村', 7, 373, 70, 14, 0),
(7342, '鏡石町', 7, 374, 70, 15, 0),
(7344, '天栄村', 7, 375, 70, 16, 0),
(7362, '下郷町', 7, 376, 70, 17, 0),
(7364, '檜枝岐村', 7, 377, 70, 18, 0),
(7367, '只見町', 7, 378, 70, 19, 0),
(7402, '北塩原村', 7, 379, 70, 20, 0),
(7405, '西会津町', 7, 380, 70, 21, 0),
(7407, '磐梯町', 7, 381, 70, 22, 0),
(7408, '猪苗代町', 7, 382, 70, 23, 0),
(7421, '会津坂下町', 7, 383, 70, 24, 0),
(7422, '湯川村', 7, 384, 70, 25, 0),
(7423, '柳津町', 7, 385, 70, 26, 0),
(7444, '三島町', 7, 386, 70, 27, 0),
(7445, '金山町', 7, 387, 70, 28, 0),
(7446, '昭和村', 7, 388, 70, 29, 0),
(7461, '西郷村', 7, 389, 70, 30, 0),
(7464, '泉崎村', 7, 390, 70, 31, 0),
(7465, '中島村', 7, 391, 70, 32, 0),
(7466, '矢吹町', 7, 392, 70, 33, 0),
(7481, '棚倉町', 7, 393, 70, 34, 0),
(7482, '矢祭町', 7, 394, 70, 35, 0),
(7483, '塙町', 7, 395, 70, 36, 0),
(7484, '鮫川村', 7, 396, 70, 37, 0),
(7501, '石川町', 7, 397, 70, 38, 0),
(7502, '玉川村', 7, 398, 70, 39, 0),
(7503, '平田村', 7, 399, 70, 40, 0),
(7504, '浅川町', 7, 400, 70, 41, 0),
(7505, '古殿町', 7, 401, 70, 42, 0),
(7521, '三春町', 7, 402, 70, 43, 0),
(7522, '小野町', 7, 403, 70, 44, 0),
(7541, '広野町', 7, 404, 70, 45, 0),
(7542, '楢葉町', 7, 405, 70, 46, 0),
(7543, '富岡町', 7, 406, 70, 47, 0),
(7544, '川内村', 7, 407, 70, 48, 0),
(7545, '大熊町', 7, 408, 70, 49, 0),
(7546, '双葉町', 7, 409, 70, 50, 0),
(7547, '浪江町', 7, 410, 70, 51, 0),
(7548, '葛尾村', 7, 411, 70, 52, 0),
(7561, '新地町', 7, 412, 70, 53, 0),
(7564, '飯舘村', 7, 413, 70, 54, 0),
(7565, '田村市', 7, 414, 70, 55, 0),
(7566, '南相馬市', 7, 415, 70, 56, 0),
(7567, '伊達市', 7, 416, 70, 57, 0),
(7568, '本宮市', 7, 417, 70, 58, 0),
(7569, '南会津町', 7, 418, 70, 59, 0),
(7570, '会津美里町', 7, 419, 70, 60, 0),
(8201, '水戸市', 8, 420, 80, 1, 0),
(8202, '日立市', 8, 421, 80, 2, 0),
(8203, '土浦市', 8, 422, 80, 3, 0),
(8204, '古河市', 8, 423, 80, 4, 0),
(8205, '石岡市', 8, 424, 80, 5, 0),
(8207, '結城市', 8, 425, 80, 6, 0),
(8208, '龍ヶ崎市', 8, 426, 80, 7, 0),
(8210, '下妻市', 8, 427, 80, 8, 0),
(8212, '常陸太田市', 8, 428, 80, 9, 0),
(8214, '高萩市', 8, 429, 80, 10, 0),
(8215, '北茨城市', 8, 430, 80, 11, 0),
(8216, '笠間市', 8, 431, 80, 12, 0),
(8217, '取手市', 8, 432, 80, 13, 0),
(8219, '牛久市', 8, 433, 80, 14, 0),
(8220, 'つくば市', 8, 434, 80, 15, 0),
(8221, 'ひたちなか市', 8, 435, 80, 16, 0),
(8222, '鹿嶋市', 8, 436, 80, 17, 0),
(8223, '潮来市', 8, 437, 80, 18, 0),
(8224, '守谷市', 8, 438, 80, 19, 0),
(8302, '茨城町', 8, 439, 80, 20, 0),
(8309, '大洗町', 8, 440, 80, 21, 0),
(8341, '東海村', 8, 441, 80, 22, 0),
(8364, '大子町', 8, 442, 80, 23, 0),
(8442, '美浦村', 8, 443, 80, 24, 0),
(8443, '阿見町', 8, 444, 80, 25, 0),
(8447, '河内町', 8, 445, 80, 26, 0),
(8521, '八千代町', 8, 446, 80, 27, 0),
(8542, '五霞町', 8, 447, 80, 28, 0),
(8546, '境町', 8, 448, 80, 29, 0),
(8564, '利根町', 8, 449, 80, 30, 0),
(8565, '常総市', 8, 450, 80, 31, 0),
(8566, '常陸大宮市', 8, 451, 80, 32, 0),
(8567, '那珂市', 8, 452, 80, 33, 0),
(8568, '筑西市', 8, 453, 80, 34, 0),
(8569, '坂東市', 8, 454, 80, 35, 0),
(8570, '稲敷市', 8, 455, 80, 36, 0),
(8571, 'かすみがうら市', 8, 456, 80, 37, 0),
(8572, '桜川市', 8, 457, 80, 38, 0),
(8573, '神栖市', 8, 458, 80, 39, 0),
(8574, '行方市', 8, 459, 80, 40, 0),
(8575, '鉾田市', 8, 460, 80, 41, 0),
(8576, 'つくばみらい市', 8, 461, 80, 42, 0),
(8577, '小美玉市', 8, 462, 80, 43, 0),
(8578, '城里町', 8, 463, 80, 44, 0),
(9201, '宇都宮市', 9, 464, 90, 1, 0),
(9202, '足利市', 9, 465, 90, 2, 0),
(9203, '栃木市', 9, 466, 90, 3, 0),
(9204, '佐野市', 9, 467, 90, 4, 0),
(9205, '鹿沼市', 9, 468, 90, 5, 0),
(9206, '日光市', 9, 469, 90, 6, 0),
(9208, '小山市', 9, 470, 90, 7, 0),
(9209, '真岡市', 9, 471, 90, 8, 0),
(9210, '大田原市', 9, 472, 90, 9, 0),
(9211, '矢板市', 9, 473, 90, 10, 0),
(9301, '上三川町', 9, 474, 90, 11, 0),
(9321, '西方町', 9, 475, 90, 12, 0),
(9342, '益子町', 9, 476, 90, 13, 0),
(9343, '茂木町', 9, 477, 90, 14, 0),
(9344, '市貝町', 9, 478, 90, 15, 0),
(9345, '芳賀町', 9, 479, 90, 16, 0),
(9361, '壬生町', 9, 480, 90, 17, 0),
(9364, '野木町', 9, 481, 90, 18, 0),
(9367, '岩舟町', 9, 482, 90, 19, 0),
(9384, '塩谷町', 9, 483, 90, 20, 0),
(9386, '高根沢町', 9, 484, 90, 21, 0),
(9407, '那須町', 9, 485, 90, 22, 0),
(9423, '那須塩原市', 9, 486, 90, 23, 0),
(9424, 'さくら市', 9, 487, 90, 24, 0),
(9425, '那須烏山市', 9, 488, 90, 25, 0),
(9426, '下野市', 9, 489, 90, 26, 0),
(9427, '那珂川町', 9, 490, 90, 27, 0),
(10201, '前橋市', 10, 491, 100, 1, 0),
(10202, '高崎市', 10, 492, 100, 2, 0),
(10203, '桐生市', 10, 493, 100, 3, 0),
(10204, '伊勢崎市', 10, 494, 100, 4, 0),
(10205, '太田市', 10, 495, 100, 5, 0),
(10206, '沼田市', 10, 496, 100, 6, 0),
(10207, '館林市', 10, 497, 100, 7, 0),
(10208, '渋川市', 10, 498, 100, 8, 0),
(10209, '藤岡市', 10, 499, 100, 9, 0),
(10210, '富岡市', 10, 500, 100, 10, 0),
(10211, '安中市', 10, 501, 100, 11, 0),
(10344, '榛東村', 10, 502, 100, 12, 0),
(10345, '吉岡町', 10, 503, 100, 13, 0),
(10366, '上野村', 10, 504, 100, 14, 0),
(10367, '神流町', 10, 505, 100, 15, 0),
(10382, '下仁田町', 10, 506, 100, 16, 0),
(10383, '南牧村', 10, 507, 100, 17, 0),
(10384, '甘楽町', 10, 508, 100, 18, 0),
(10421, '中之条町', 10, 509, 100, 19, 0),
(10424, '長野原町', 10, 510, 100, 20, 0),
(10425, '嬬恋村', 10, 511, 100, 21, 0),
(10426, '草津町', 10, 512, 100, 22, 0),
(10428, '高山村', 10, 513, 100, 23, 0),
(10443, '片品村', 10, 514, 100, 24, 0),
(10444, '川場村', 10, 515, 100, 25, 0),
(10448, '昭和村', 10, 516, 100, 26, 0),
(10464, '玉村町', 10, 517, 100, 27, 0),
(10521, '板倉町', 10, 518, 100, 28, 0),
(10522, '明和町', 10, 519, 100, 29, 0),
(10523, '千代田町', 10, 520, 100, 30, 0),
(10524, '大泉町', 10, 521, 100, 31, 0),
(10526, 'みどり市', 10, 522, 100, 32, 0),
(10527, '東吾妻町', 10, 523, 100, 33, 0),
(10528, 'みなかみ町', 10, 524, 100, 34, 0),
(10529, '邑楽町', 10, 525, 100, 35, 0),
(11101, 'さいたま市西区', 11, 526, 110, 1, 0),
(11102, 'さいたま市北区', 11, 527, 110, 2, 0),
(11103, 'さいたま市大宮区', 11, 528, 110, 3, 0),
(11104, 'さいたま市見沼区', 11, 529, 110, 4, 0),
(11105, 'さいたま市中央区', 11, 530, 110, 5, 0),
(11106, 'さいたま市桜区', 11, 531, 110, 6, 0),
(11107, 'さいたま市浦和区', 11, 532, 110, 7, 0),
(11108, 'さいたま市南区', 11, 533, 110, 8, 0),
(11109, 'さいたま市緑区', 11, 534, 110, 9, 0),
(11201, '川越市', 11, 535, 110, 10, 0),
(11202, '熊谷市', 11, 536, 110, 11, 0),
(11203, '川口市', 11, 537, 110, 12, 0),
(11206, '行田市', 11, 538, 110, 13, 0),
(11207, '秩父市', 11, 539, 110, 14, 0),
(11208, '所沢市', 11, 540, 110, 15, 0),
(11209, '飯能市', 11, 541, 110, 16, 0),
(11210, '加須市', 11, 542, 110, 17, 0),
(11211, '本庄市', 11, 543, 110, 18, 0),
(11212, '東松山市', 11, 544, 110, 19, 0),
(11214, '春日部市', 11, 545, 110, 20, 0),
(11215, '狭山市', 11, 546, 110, 21, 0),
(11216, '羽生市', 11, 547, 110, 22, 0),
(11217, '鴻巣市', 11, 548, 110, 23, 0),
(11218, '深谷市', 11, 549, 110, 24, 0),
(11219, '上尾市', 11, 550, 110, 25, 0),
(11221, '草加市', 11, 551, 110, 26, 0),
(11222, '越谷市', 11, 552, 110, 27, 0),
(11223, '蕨市', 11, 553, 110, 28, 0),
(11224, '戸田市', 11, 554, 110, 29, 0),
(11225, '入間市', 11, 555, 110, 30, 0),
(11226, '鳩ヶ谷市', 11, 556, 110, 31, 0),
(11227, '朝霞市', 11, 557, 110, 32, 0),
(11228, '志木市', 11, 558, 110, 33, 0),
(11229, '和光市', 11, 559, 110, 34, 0),
(11230, '新座市', 11, 560, 110, 35, 0),
(11231, '桶川市', 11, 561, 110, 36, 0),
(11232, '久喜市', 11, 562, 110, 37, 0),
(11233, '北本市', 11, 563, 110, 38, 0),
(11234, '八潮市', 11, 564, 110, 39, 0),
(11235, '富士見市', 11, 565, 110, 40, 0),
(11237, '三郷市', 11, 566, 110, 41, 0),
(11238, '蓮田市', 11, 567, 110, 42, 0),
(11239, '坂戸市', 11, 568, 110, 43, 0),
(11240, '幸手市', 11, 569, 110, 44, 0),
(11241, '鶴ヶ島市', 11, 570, 110, 45, 0),
(11242, '日高市', 11, 571, 110, 46, 0),
(11243, '吉川市', 11, 572, 110, 47, 0),
(11301, '伊奈町', 11, 573, 110, 48, 0),
(11324, '三芳町', 11, 574, 110, 49, 0),
(11326, '毛呂山町', 11, 575, 110, 50, 0),
(11327, '越生町', 11, 576, 110, 51, 0),
(11341, '滑川町', 11, 577, 110, 52, 0),
(11342, '嵐山町', 11, 578, 110, 53, 0),
(11343, '小川町', 11, 579, 110, 54, 0),
(11346, '川島町', 11, 580, 110, 55, 0),
(11347, '吉見町', 11, 581, 110, 56, 0),
(11348, '鳩山町', 11, 582, 110, 57, 0),
(11361, '横瀬町', 11, 583, 110, 58, 0),
(11362, '皆野町', 11, 584, 110, 59, 0),
(11363, '長瀞町', 11, 585, 110, 60, 0),
(11365, '小鹿野町', 11, 586, 110, 61, 0),
(11369, '東秩父村', 11, 587, 110, 62, 0),
(11381, '美里町', 11, 588, 110, 63, 0),
(11383, '神川町', 11, 589, 110, 64, 0),
(11385, '上里町', 11, 590, 110, 65, 0),
(11402, '江南町', 11, 591, 110, 66, 0),
(11408, '寄居町', 11, 592, 110, 67, 0),
(11442, '宮代町', 11, 593, 110, 68, 0),
(11445, '白岡市', 11, 594, 110, 69, 0),
(11464, '杉戸町', 11, 595, 110, 70, 0),
(11465, '松伏町', 11, 596, 110, 71, 0),
(11471, 'さいたま市岩槻区', 11, 597, 110, 72, 0),
(11472, 'ふじみ野市', 11, 598, 110, 73, 0),
(11473, 'ときがわ町', 11, 599, 110, 74, 0),
(12101, '千葉市中央区', 12, 600, 120, 1, 0),
(12102, '千葉市花見川区', 12, 601, 120, 2, 0),
(12103, '千葉市稲毛区', 12, 602, 120, 3, 0),
(12104, '千葉市若葉区', 12, 603, 120, 4, 0),
(12105, '千葉市緑区', 12, 604, 120, 5, 0),
(12106, '千葉市美浜区', 12, 605, 120, 6, 0),
(12202, '銚子市', 12, 606, 120, 7, 0),
(12203, '市川市', 12, 607, 120, 8, 0),
(12204, '船橋市', 12, 608, 120, 9, 0),
(12205, '館山市', 12, 609, 120, 10, 0),
(12206, '木更津市', 12, 610, 120, 11, 0),
(12207, '松戸市', 12, 611, 120, 12, 0),
(12208, '野田市', 12, 612, 120, 13, 0),
(12210, '茂原市', 12, 613, 120, 14, 0),
(12211, '成田市', 12, 614, 120, 15, 0),
(12212, '佐倉市', 12, 615, 120, 16, 0),
(12213, '東金市', 12, 616, 120, 17, 0),
(12215, '旭市', 12, 617, 120, 18, 0),
(12216, '習志野市', 12, 618, 120, 19, 0),
(12217, '柏市', 12, 619, 120, 20, 0),
(12218, '勝浦市', 12, 620, 120, 21, 0),
(12219, '市原市', 12, 621, 120, 22, 0),
(12220, '流山市', 12, 622, 120, 23, 0),
(12221, '八千代市', 12, 623, 120, 24, 0),
(12222, '我孫子市', 12, 624, 120, 25, 0),
(12223, '鴨川市', 12, 625, 120, 26, 0),
(12224, '鎌ヶ谷市', 12, 626, 120, 27, 0),
(12225, '君津市', 12, 627, 120, 28, 0),
(12226, '富津市', 12, 628, 120, 29, 0),
(12227, '浦安市', 12, 629, 120, 30, 0),
(12228, '四街道市', 12, 630, 120, 31, 0),
(12229, '袖ヶ浦市', 12, 631, 120, 32, 0),
(12230, '八街市', 12, 632, 120, 33, 0),
(12231, '印西市', 12, 633, 120, 34, 0),
(12232, '白井市', 12, 634, 120, 35, 0),
(12233, '富里市', 12, 635, 120, 36, 0),
(12322, '酒々井町', 12, 636, 120, 37, 0),
(12329, '栄町', 12, 637, 120, 38, 0),
(12342, '神崎町', 12, 638, 120, 39, 0),
(12347, '多古町', 12, 639, 120, 40, 0),
(12349, '東庄町', 12, 640, 120, 41, 0),
(12402, '大網白里町', 12, 641, 120, 42, 0),
(12403, '九十九里町', 12, 642, 120, 43, 0),
(12409, '芝山町', 12, 643, 120, 44, 0),
(12421, '一宮町', 12, 644, 120, 45, 0),
(12422, '睦沢町', 12, 645, 120, 46, 0),
(12423, '長生村', 12, 646, 120, 47, 0),
(12424, '白子町', 12, 647, 120, 48, 0),
(12426, '長柄町', 12, 648, 120, 49, 0),
(12427, '長南町', 12, 649, 120, 50, 0),
(12441, '大多喜町', 12, 650, 120, 51, 0),
(12443, '御宿町', 12, 651, 120, 52, 0),
(12463, '鋸南町', 12, 652, 120, 53, 0),
(12473, '南房総市', 12, 653, 120, 54, 0),
(12474, '匝瑳市', 12, 654, 120, 55, 0),
(12475, '香取市', 12, 655, 120, 56, 0),
(12476, '山武市', 12, 656, 120, 57, 0),
(12477, 'いすみ市', 12, 657, 120, 58, 0),
(12478, '横芝光町', 12, 658, 120, 59, 0),
(13101, '千代田区', 13, 659, 130, 1, 0),
(13102, '中央区', 13, 660, 130, 2, 0),
(13103, '港区', 13, 661, 130, 3, 0),
(13104, '新宿区', 13, 662, 130, 4, 0),
(13105, '文京区', 13, 663, 130, 5, 0),
(13106, '台東区', 13, 664, 130, 6, 0),
(13107, '墨田区', 13, 665, 130, 7, 0),
(13108, '江東区', 13, 666, 130, 8, 0),
(13109, '品川区', 13, 667, 130, 9, 0),
(13110, '目黒区', 13, 668, 130, 10, 0),
(13111, '大田区', 13, 669, 130, 11, 0),
(13112, '世田谷区', 13, 670, 130, 12, 0),
(13113, '渋谷区', 13, 671, 130, 13, 0),
(13114, '中野区', 13, 672, 130, 14, 0),
(13115, '杉並区', 13, 673, 130, 15, 0),
(13116, '豊島区', 13, 674, 130, 16, 0),
(13117, '北区', 13, 675, 130, 17, 0),
(13118, '荒川区', 13, 676, 130, 18, 0),
(13119, '板橋区', 13, 677, 130, 19, 0),
(13120, '練馬区', 13, 678, 130, 20, 0),
(13121, '足立区', 13, 679, 130, 21, 0),
(13122, '葛飾区', 13, 680, 130, 22, 0),
(13123, '江戸川区', 13, 681, 130, 23, 0),
(13201, '八王子市', 13, 682, 130, 24, 0),
(13202, '立川市', 13, 683, 130, 25, 0),
(13203, '武蔵野市', 13, 684, 130, 26, 0),
(13204, '三鷹市', 13, 685, 130, 27, 0),
(13205, '青梅市', 13, 686, 130, 28, 0),
(13206, '府中市', 13, 687, 130, 29, 0),
(13207, '昭島市', 13, 688, 130, 30, 0),
(13208, '調布市', 13, 689, 130, 31, 0),
(13209, '町田市', 13, 690, 130, 32, 0),
(13210, '小金井市', 13, 691, 130, 33, 0),
(13211, '小平市', 13, 692, 130, 34, 0),
(13212, '日野市', 13, 693, 130, 35, 0),
(13213, '東村山市', 13, 694, 130, 36, 0),
(13214, '国分寺市', 13, 695, 130, 37, 0),
(13215, '国立市', 13, 696, 130, 38, 0),
(13218, '福生市', 13, 697, 130, 39, 0),
(13219, '狛江市', 13, 698, 130, 40, 0),
(13220, '東大和市', 13, 699, 130, 41, 0),
(13221, '清瀬市', 13, 700, 130, 42, 0),
(13222, '東久留米市', 13, 701, 130, 43, 0),
(13223, '武蔵村山市', 13, 702, 130, 44, 0),
(13224, '多摩市', 13, 703, 130, 45, 0),
(13225, '稲城市', 13, 704, 130, 46, 0),
(13227, '羽村市', 13, 705, 130, 47, 0),
(13228, 'あきる野市', 13, 706, 130, 48, 0),
(13229, '西東京市', 13, 707, 130, 49, 0),
(13303, '瑞穂町', 13, 708, 130, 50, 0),
(13305, '日の出町', 13, 709, 130, 51, 0),
(13307, '檜原村', 13, 710, 130, 52, 0),
(13308, '奥多摩町', 13, 711, 130, 53, 0),
(13360, '大島支庁', 13, 712, 130, 54, 0),
(13361, '大島町', 13, 713, 130, 55, 0),
(13362, '利島村', 13, 714, 130, 56, 0),
(13363, '新島村', 13, 715, 130, 57, 0),
(13364, '神津島村', 13, 716, 130, 58, 0),
(13380, '三宅支庁', 13, 717, 130, 59, 0),
(13381, '三宅村', 13, 718, 130, 60, 0),
(13382, '御蔵島村', 13, 719, 130, 61, 0),
(13400, '八丈支庁', 13, 720, 130, 62, 0),
(13401, '八丈町', 13, 721, 130, 63, 0),
(13402, '青ヶ島村', 13, 722, 130, 64, 0),
(13420, '小笠原支庁', 13, 723, 130, 65, 0),
(13421, '小笠原村', 13, 724, 130, 66, 0),
(14101, '横浜市鶴見区', 14, 725, 140, 1, 0),
(14102, '横浜市神奈川区', 14, 726, 140, 2, 0),
(14103, '横浜市西区', 14, 727, 140, 3, 0),
(14104, '横浜市中区', 14, 728, 140, 4, 0),
(14105, '横浜市南区', 14, 729, 140, 5, 0),
(14106, '横浜市保土ヶ谷区', 14, 730, 140, 6, 0),
(14107, '横浜市磯子区', 14, 731, 140, 7, 0),
(14108, '横浜市金沢区', 14, 732, 140, 8, 0),
(14109, '横浜市港北区', 14, 733, 140, 9, 0),
(14110, '横浜市戸塚区', 14, 734, 140, 10, 0),
(14111, '横浜市港南区', 14, 735, 140, 11, 0),
(14112, '横浜市旭区', 14, 736, 140, 12, 0),
(14113, '横浜市緑区', 14, 737, 140, 13, 0),
(14114, '横浜市瀬谷区', 14, 738, 140, 14, 0),
(14115, '横浜市栄区', 14, 739, 140, 15, 0),
(14116, '横浜市泉区', 14, 740, 140, 16, 0),
(14117, '横浜市青葉区', 14, 741, 140, 17, 0),
(14118, '横浜市都筑区', 14, 742, 140, 18, 0),
(14131, '川崎市川崎区', 14, 743, 140, 19, 0),
(14132, '川崎市幸区', 14, 744, 140, 20, 0),
(14133, '川崎市中原区', 14, 745, 140, 21, 0),
(14134, '川崎市高津区', 14, 746, 140, 22, 0),
(14135, '川崎市多摩区', 14, 747, 140, 23, 0),
(14136, '川崎市宮前区', 14, 748, 140, 24, 0),
(14137, '川崎市麻生区', 14, 749, 140, 25, 0),
(14150, '相模原市', 14, 750, 140, 26, 0),
(14151, '相模原市緑区', 14, 751, 140, 27, 0),
(14152, '相模原市中央区', 14, 752, 140, 28, 0),
(14153, '相模原市南区', 14, 753, 140, 29, 0),
(14201, '横須賀市', 14, 754, 140, 30, 0),
(14203, '平塚市', 14, 755, 140, 31, 0),
(14204, '鎌倉市', 14, 756, 140, 32, 0),
(14205, '藤沢市', 14, 757, 140, 33, 0),
(14206, '小田原市', 14, 758, 140, 34, 0),
(14207, '茅ヶ崎市', 14, 759, 140, 35, 0),
(14208, '逗子市', 14, 760, 140, 36, 0),
(14210, '三浦市', 14, 761, 140, 37, 0),
(14211, '秦野市', 14, 762, 140, 38, 0),
(14212, '厚木市', 14, 763, 140, 39, 0),
(14213, '大和市', 14, 764, 140, 40, 0),
(14214, '伊勢原市', 14, 765, 140, 41, 0),
(14215, '海老名市', 14, 766, 140, 42, 0),
(14216, '座間市', 14, 767, 140, 43, 0),
(14217, '南足柄市', 14, 768, 140, 44, 0),
(14218, '綾瀬市', 14, 769, 140, 45, 0),
(14301, '葉山町', 14, 770, 140, 46, 0),
(14321, '寒川町', 14, 771, 140, 47, 0),
(14341, '大磯町', 14, 772, 140, 48, 0),
(14342, '二宮町', 14, 773, 140, 49, 0),
(14361, '中井町', 14, 774, 140, 50, 0),
(14362, '大井町', 14, 775, 140, 51, 0),
(14363, '松田町', 14, 776, 140, 52, 0),
(14364, '山北町', 14, 777, 140, 53, 0),
(14366, '開成町', 14, 778, 140, 54, 0),
(14382, '箱根町', 14, 779, 140, 55, 0),
(14383, '真鶴町', 14, 780, 140, 56, 0),
(14384, '湯河原町', 14, 781, 140, 57, 0),
(14401, '愛川町', 14, 782, 140, 58, 0),
(14402, '清川村', 14, 783, 140, 59, 0),
(15202, '長岡市', 15, 784, 150, 1, 0),
(15204, '三条市', 15, 785, 150, 2, 0),
(15205, '柏崎市', 15, 786, 150, 3, 0),
(15206, '新発田市', 15, 787, 150, 4, 0),
(15208, '小千谷市', 15, 788, 150, 5, 0),
(15209, '加茂市', 15, 789, 150, 6, 0),
(15210, '十日町市', 15, 790, 150, 7, 0),
(15211, '見附市', 15, 791, 150, 8, 0),
(15212, '村上市', 15, 792, 150, 9, 0),
(15213, '燕市', 15, 793, 150, 10, 0),
(15216, '糸魚川市', 15, 794, 150, 11, 0),
(15218, '五泉市', 15, 795, 150, 12, 0),
(15222, '上越市', 15, 796, 150, 13, 0),
(15223, '阿賀野市', 15, 797, 150, 14, 0),
(15224, '佐渡市', 15, 798, 150, 15, 0),
(15225, '魚沼市', 15, 799, 150, 16, 0),
(15307, '聖籠町', 15, 800, 150, 17, 0),
(15342, '弥彦村', 15, 801, 150, 18, 0),
(15361, '田上町', 15, 802, 150, 19, 0),
(15405, '出雲崎町', 15, 803, 150, 20, 0),
(15461, '湯沢町', 15, 804, 150, 21, 0),
(15482, '津南町', 15, 805, 150, 22, 0),
(15504, '刈羽村', 15, 806, 150, 23, 0),
(15581, '関川村', 15, 807, 150, 24, 0),
(15586, '粟島浦村', 15, 808, 150, 25, 0),
(15601, '新潟市北区', 15, 809, 150, 26, 0),
(15602, '新潟市東区', 15, 810, 150, 27, 0),
(15603, '新潟市中央区', 15, 811, 150, 28, 0),
(15604, '新潟市江南区', 15, 812, 150, 29, 0),
(15605, '新潟市秋葉区', 15, 813, 150, 30, 0),
(15606, '新潟市南区', 15, 814, 150, 31, 0),
(15607, '新潟市西区', 15, 815, 150, 32, 0),
(15608, '新潟市西蒲区', 15, 816, 150, 33, 0),
(15609, '妙高市', 15, 817, 150, 34, 0),
(15610, '南魚沼市', 15, 818, 150, 35, 0),
(15611, '胎内市', 15, 819, 150, 36, 0),
(15612, '阿賀町', 15, 820, 150, 37, 0),
(16201, '富山市', 16, 821, 160, 1, 0),
(16202, '高岡市', 16, 822, 160, 2, 0),
(16204, '魚津市', 16, 823, 160, 3, 0),
(16205, '氷見市', 16, 824, 160, 4, 0),
(16206, '滑川市', 16, 825, 160, 5, 0),
(16207, '黒部市', 16, 826, 160, 6, 0),
(16208, '砺波市', 16, 827, 160, 7, 0),
(16209, '小矢部市', 16, 828, 160, 8, 0),
(16321, '舟橋村', 16, 829, 160, 9, 0),
(16322, '上市町', 16, 830, 160, 10, 0),
(16323, '立山町', 16, 831, 160, 11, 0),
(16342, '入善町', 16, 832, 160, 12, 0),
(16343, '朝日町', 16, 833, 160, 13, 0),
(16423, '南砺市', 16, 834, 160, 14, 0),
(16424, '射水市', 16, 835, 160, 15, 0),
(17201, '金沢市', 17, 836, 170, 1, 0),
(17202, '七尾市', 17, 837, 170, 2, 0),
(17203, '小松市', 17, 838, 170, 3, 0),
(17204, '輪島市', 17, 839, 170, 4, 0),
(17205, '珠洲市', 17, 840, 170, 5, 0),
(17206, '加賀市', 17, 841, 170, 6, 0),
(17207, '羽咋市', 17, 842, 170, 7, 0),
(17209, 'かほく市', 17, 843, 170, 8, 0),
(17212, '野々市市', 17, 844, 170, 9, 0),
(17324, '川北町', 17, 845, 170, 10, 0),
(17361, '津幡町', 17, 846, 170, 11, 0),
(17365, '内灘町', 17, 847, 170, 12, 0),
(17384, '志賀町', 17, 848, 170, 13, 0),
(17421, '穴水町', 17, 849, 170, 14, 0),
(17442, '白山市', 17, 850, 170, 15, 0),
(17443, '能美市', 17, 851, 170, 16, 0),
(17444, '宝達志水町', 17, 852, 170, 17, 0),
(17445, '中能登町', 17, 853, 170, 18, 0),
(17446, '能登町', 17, 854, 170, 19, 0),
(18201, '福井市', 18, 855, 180, 1, 0),
(18202, '敦賀市', 18, 856, 180, 2, 0),
(18204, '小浜市', 18, 857, 180, 3, 0),
(18205, '大野市', 18, 858, 180, 4, 0),
(18206, '勝山市', 18, 859, 180, 5, 0),
(18207, '鯖江市', 18, 860, 180, 6, 0),
(18208, 'あわら市', 18, 861, 180, 7, 0),
(18322, '永平寺町', 18, 862, 180, 8, 0),
(18382, '池田町', 18, 863, 180, 9, 0),
(18423, '越前町', 18, 864, 180, 10, 0),
(18442, '美浜町', 18, 865, 180, 11, 0),
(18481, '高浜町', 18, 866, 180, 12, 0),
(18483, '越前市', 18, 867, 180, 13, 0),
(18484, '坂井市', 18, 868, 180, 14, 0),
(18485, '南越前町', 18, 869, 180, 15, 0),
(18486, 'おおい町', 18, 870, 180, 16, 0),
(18487, '若狭町', 18, 871, 180, 17, 0),
(19201, '甲府市', 19, 872, 190, 1, 0),
(19202, '富士吉田市', 19, 873, 190, 2, 0),
(19204, '都留市', 19, 874, 190, 3, 0),
(19205, '山梨市', 19, 875, 190, 4, 0),
(19206, '大月市', 19, 876, 190, 5, 0),
(19207, '韮崎市', 19, 877, 190, 6, 0),
(19208, '南アルプス市', 19, 878, 190, 7, 0),
(19209, '北杜市', 19, 879, 190, 8, 0),
(19364, '早川町', 19, 880, 190, 9, 0),
(19365, '身延町', 19, 881, 190, 10, 0),
(19366, '南部町', 19, 882, 190, 11, 0),
(19368, '南巨摩郡富士川町', 19, 883, 190, 12, 0),
(19384, '昭和町', 19, 884, 190, 13, 0),
(19422, '道志村', 19, 885, 190, 14, 0),
(19423, '西桂町', 19, 886, 190, 15, 0),
(19424, '忍野村', 19, 887, 190, 16, 0),
(19425, '山中湖村', 19, 888, 190, 17, 0),
(19429, '鳴沢村', 19, 889, 190, 18, 0),
(19430, '富士河口湖町', 19, 890, 190, 19, 0),
(19442, '小菅村', 19, 891, 190, 20, 0),
(19443, '丹波山村', 19, 892, 190, 21, 0),
(19444, '甲斐市', 19, 893, 190, 22, 0),
(19445, '笛吹市', 19, 894, 190, 23, 0),
(19446, '上野原市', 19, 895, 190, 24, 0),
(19447, '甲州市', 19, 896, 190, 25, 0),
(19448, '中央市', 19, 897, 190, 26, 0),
(19449, '市川三郷町', 19, 898, 190, 27, 0),
(20201, '長野市', 20, 899, 200, 1, 0),
(20202, '松本市', 20, 900, 200, 2, 0),
(20203, '上田市', 20, 901, 200, 3, 0),
(20204, '岡谷市', 20, 902, 200, 4, 0),
(20205, '飯田市', 20, 903, 200, 5, 0),
(20206, '諏訪市', 20, 904, 200, 6, 0),
(20207, '須坂市', 20, 905, 200, 7, 0),
(20208, '小諸市', 20, 906, 200, 8, 0),
(20209, '伊那市', 20, 907, 200, 9, 0),
(20210, '駒ヶ根市', 20, 908, 200, 10, 0),
(20211, '中野市', 20, 909, 200, 11, 0),
(20212, '大町市', 20, 910, 200, 12, 0),
(20213, '飯山市', 20, 911, 200, 13, 0),
(20214, '茅野市', 20, 912, 200, 14, 0),
(20215, '塩尻市', 20, 913, 200, 15, 0),
(20217, '佐久市', 20, 914, 200, 16, 0),
(20218, '千曲市', 20, 915, 200, 17, 0),
(20219, '東御市', 20, 916, 200, 18, 0),
(20303, '小海町', 20, 917, 200, 19, 0),
(20304, '川上村', 20, 918, 200, 20, 0),
(20305, '南牧村', 20, 919, 200, 21, 0),
(20306, '南相木村', 20, 920, 200, 22, 0),
(20307, '北相木村', 20, 921, 200, 23, 0),
(20321, '軽井沢町', 20, 922, 200, 24, 0),
(20323, '御代田町', 20, 923, 200, 25, 0),
(20324, '立科町', 20, 924, 200, 26, 0),
(20349, '青木村', 20, 925, 200, 27, 0),
(20361, '下諏訪町', 20, 926, 200, 28, 0),
(20362, '富士見町', 20, 927, 200, 29, 0),
(20363, '原村', 20, 928, 200, 30, 0),
(20382, '辰野町', 20, 929, 200, 31, 0),
(20383, '箕輪町', 20, 930, 200, 32, 0),
(20384, '飯島町', 20, 931, 200, 33, 0),
(20385, '南箕輪村', 20, 932, 200, 34, 0),
(20386, '中川村', 20, 933, 200, 35, 0),
(20388, '宮田村', 20, 934, 200, 36, 0),
(20402, '松川町', 20, 935, 200, 37, 0),
(20403, '高森町', 20, 936, 200, 38, 0),
(20404, '阿南町', 20, 937, 200, 39, 0),
(20407, '阿智村', 20, 938, 200, 40, 0),
(20409, '平谷村', 20, 939, 200, 41, 0),
(20410, '根羽村', 20, 940, 200, 42, 0),
(20411, '下條村', 20, 941, 200, 43, 0),
(20412, '売木村', 20, 942, 200, 44, 0),
(20413, '天龍村', 20, 943, 200, 45, 0),
(20414, '泰阜村', 20, 944, 200, 46, 0),
(20415, '喬木村', 20, 945, 200, 47, 0),
(20416, '豊丘村', 20, 946, 200, 48, 0),
(20417, '大鹿村', 20, 947, 200, 49, 0),
(20422, '上松町', 20, 948, 200, 50, 0),
(20423, '南木曽町', 20, 949, 200, 51, 0),
(20425, '木祖村', 20, 950, 200, 52, 0),
(20429, '王滝村', 20, 951, 200, 53, 0),
(20430, '大桑村', 20, 952, 200, 54, 0),
(20446, '麻績村', 20, 953, 200, 55, 0),
(20448, '生坂村', 20, 954, 200, 56, 0),
(20450, '山形村', 20, 955, 200, 57, 0),
(20451, '朝日村', 20, 956, 200, 58, 0),
(20481, '池田町', 20, 957, 200, 59, 0),
(20482, '松川村', 20, 958, 200, 60, 0),
(20485, '白馬村', 20, 959, 200, 61, 0),
(20486, '小谷村', 20, 960, 200, 62, 0),
(20521, '坂城町', 20, 961, 200, 63, 0),
(20541, '小布施町', 20, 962, 200, 64, 0),
(20543, '高山村', 20, 963, 200, 65, 0),
(20561, '山ノ内町', 20, 964, 200, 66, 0),
(20562, '木島平村', 20, 965, 200, 67, 0),
(20563, '野沢温泉村', 20, 966, 200, 68, 0),
(20583, '信濃町', 20, 967, 200, 69, 0),
(20588, '小川村', 20, 968, 200, 70, 0),
(20602, '栄村', 20, 969, 200, 71, 0),
(20603, '安曇野市', 20, 970, 200, 72, 0),
(20604, '佐久穂町', 20, 971, 200, 73, 0),
(20605, '長和町', 20, 972, 200, 74, 0),
(20606, '木曽町', 20, 973, 200, 75, 0),
(20607, '筑北村', 20, 974, 200, 76, 0),
(20608, '飯綱町', 20, 975, 200, 77, 0),
(21201, '岐阜市', 21, 976, 210, 1, 0),
(21202, '大垣市', 21, 977, 210, 2, 0),
(21203, '高山市', 21, 978, 210, 3, 0),
(21204, '多治見市', 21, 979, 210, 4, 0),
(21205, '関市', 21, 980, 210, 5, 0),
(21206, '中津川市', 21, 981, 210, 6, 0),
(21207, '美濃市', 21, 982, 210, 7, 0),
(21208, '瑞浪市', 21, 983, 210, 8, 0),
(21209, '羽島市', 21, 984, 210, 9, 0),
(21210, '恵那市', 21, 985, 210, 10, 0),
(21211, '美濃加茂市', 21, 986, 210, 11, 0),
(21212, '土岐市', 21, 987, 210, 12, 0),
(21213, '各務原市', 21, 988, 210, 13, 0),
(21214, '可児市', 21, 989, 210, 14, 0),
(21215, '山県市', 21, 990, 210, 15, 0),
(21216, '瑞穂市', 21, 991, 210, 16, 0),
(21217, '飛騨市', 21, 992, 210, 17, 0),
(21218, '本巣市', 21, 993, 210, 18, 0),
(21219, '郡上市', 21, 994, 210, 19, 0),
(21220, '下呂市', 21, 995, 210, 20, 0),
(21302, '岐南町', 21, 996, 210, 21, 0),
(21303, '笠松町', 21, 997, 210, 22, 0),
(21341, '養老町', 21, 998, 210, 23, 0),
(21361, '垂井町', 21, 999, 210, 24, 0),
(21362, '関ケ原町', 21, 1000, 210, 25, 0),
(21381, '神戸町', 21, 1001, 210, 26, 0),
(21382, '輪之内町', 21, 1002, 210, 27, 0),
(21383, '安八町', 21, 1003, 210, 28, 0),
(21401, '揖斐川町', 21, 1004, 210, 29, 0),
(21403, '大野町', 21, 1005, 210, 30, 0),
(21404, '池田町', 21, 1006, 210, 31, 0),
(21421, '北方町', 21, 1007, 210, 32, 0),
(21501, '坂祝町', 21, 1008, 210, 33, 0),
(21502, '富加町', 21, 1009, 210, 34, 0),
(21503, '川辺町', 21, 1010, 210, 35, 0),
(21504, '七宗町', 21, 1011, 210, 36, 0),
(21505, '八百津町', 21, 1012, 210, 37, 0),
(21506, '白川町', 21, 1013, 210, 38, 0),
(21507, '東白川村', 21, 1014, 210, 39, 0),
(21521, '御嵩町', 21, 1015, 210, 40, 0),
(21604, '白川村', 21, 1016, 210, 41, 0),
(21627, '海津市', 21, 1017, 210, 42, 0),
(22203, '沼津市', 22, 1018, 220, 1, 0),
(22205, '熱海市', 22, 1019, 220, 2, 0),
(22206, '三島市', 22, 1020, 220, 3, 0),
(22207, '富士宮市', 22, 1021, 220, 4, 0),
(22208, '伊東市', 22, 1022, 220, 5, 0),
(22209, '島田市', 22, 1023, 220, 6, 0),
(22210, '富士市', 22, 1024, 220, 7, 0),
(22211, '磐田市', 22, 1025, 220, 8, 0),
(22212, '焼津市', 22, 1026, 220, 9, 0),
(22213, '掛川市', 22, 1027, 220, 10, 0),
(22214, '藤枝市', 22, 1028, 220, 11, 0),
(22215, '御殿場市', 22, 1029, 220, 12, 0),
(22216, '袋井市', 22, 1030, 220, 13, 0),
(22219, '下田市', 22, 1031, 220, 14, 0),
(22220, '裾野市', 22, 1032, 220, 15, 0),
(22221, '湖西市', 22, 1033, 220, 16, 0),
(22222, '伊豆市', 22, 1034, 220, 17, 0),
(22223, '御前崎市', 22, 1035, 220, 18, 0),
(22301, '東伊豆町', 22, 1036, 220, 19, 0),
(22302, '河津町', 22, 1037, 220, 20, 0),
(22304, '南伊豆町', 22, 1038, 220, 21, 0),
(22305, '松崎町', 22, 1039, 220, 22, 0),
(22306, '西伊豆町', 22, 1040, 220, 23, 0),
(22325, '函南町', 22, 1041, 220, 24, 0),
(22341, '清水町', 22, 1042, 220, 25, 0),
(22342, '長泉町', 22, 1043, 220, 26, 0),
(22344, '小山町', 22, 1044, 220, 27, 0),
(22424, '吉田町', 22, 1045, 220, 28, 0),
(22461, '森町', 22, 1046, 220, 29, 0),
(22524, '静岡市葵区', 22, 1047, 220, 30, 0),
(22525, '静岡市駿河区', 22, 1048, 220, 31, 0),
(22526, '静岡市清水区', 22, 1049, 220, 32, 0),
(22527, '浜松市中区', 22, 1050, 220, 33, 0),
(22528, '浜松市東区', 22, 1051, 220, 34, 0),
(22529, '浜松市西区', 22, 1052, 220, 35, 0),
(22530, '浜松市南区', 22, 1053, 220, 36, 0),
(22531, '浜松市北区', 22, 1054, 220, 37, 0),
(22532, '浜松市浜北区', 22, 1055, 220, 38, 0),
(22533, '浜松市天竜区', 22, 1056, 220, 39, 0),
(22534, '菊川市', 22, 1057, 220, 40, 0),
(22535, '伊豆の国市', 22, 1058, 220, 41, 0),
(22536, '牧之原市', 22, 1059, 220, 42, 0),
(22537, '川根本町', 22, 1060, 220, 43, 0),
(23101, '名古屋市千種区', 23, 1061, 230, 1, 0),
(23102, '名古屋市東区', 23, 1062, 230, 2, 0),
(23103, '名古屋市北区', 23, 1063, 230, 3, 0),
(23104, '名古屋市西区', 23, 1064, 230, 4, 0),
(23105, '名古屋市中村区', 23, 1065, 230, 5, 0),
(23106, '名古屋市中区', 23, 1066, 230, 6, 0),
(23107, '名古屋市昭和区', 23, 1067, 230, 7, 0),
(23108, '名古屋市瑞穂区', 23, 1068, 230, 8, 0),
(23109, '名古屋市熱田区', 23, 1069, 230, 9, 0),
(23110, '名古屋市中川区', 23, 1070, 230, 10, 0),
(23111, '名古屋市港区', 23, 1071, 230, 11, 0),
(23112, '名古屋市南区', 23, 1072, 230, 12, 0),
(23113, '名古屋市守山区', 23, 1073, 230, 13, 0),
(23114, '名古屋市緑区', 23, 1074, 230, 14, 0),
(23115, '名古屋市名東区', 23, 1075, 230, 15, 0),
(23116, '名古屋市天白区', 23, 1076, 230, 16, 0),
(23201, '豊橋市', 23, 1077, 230, 17, 0),
(23202, '岡崎市', 23, 1078, 230, 18, 0),
(23203, '一宮市', 23, 1079, 230, 19, 0),
(23204, '瀬戸市', 23, 1080, 230, 20, 0),
(23205, '半田市', 23, 1081, 230, 21, 0),
(23206, '春日井市', 23, 1082, 230, 22, 0),
(23207, '豊川市', 23, 1083, 230, 23, 0),
(23208, '津島市', 23, 1084, 230, 24, 0),
(23209, '碧南市', 23, 1085, 230, 25, 0),
(23210, '刈谷市', 23, 1086, 230, 26, 0),
(23211, '豊田市', 23, 1087, 230, 27, 0),
(23212, '安城市', 23, 1088, 230, 28, 0),
(23213, '西尾市', 23, 1089, 230, 29, 0),
(23214, '蒲郡市', 23, 1090, 230, 30, 0),
(23215, '犬山市', 23, 1091, 230, 31, 0),
(23216, '常滑市', 23, 1092, 230, 32, 0),
(23217, '江南市', 23, 1093, 230, 33, 0),
(23219, '小牧市', 23, 1094, 230, 34, 0),
(23220, '稲沢市', 23, 1095, 230, 35, 0),
(23221, '新城市', 23, 1096, 230, 36, 0),
(23222, '東海市', 23, 1097, 230, 37, 0),
(23223, '大府市', 23, 1098, 230, 38, 0),
(23224, '知多市', 23, 1099, 230, 39, 0),
(23225, '知立市', 23, 1100, 230, 40, 0),
(23226, '尾張旭市', 23, 1101, 230, 41, 0),
(23227, '高浜市', 23, 1102, 230, 42, 0),
(23228, '岩倉市', 23, 1103, 230, 43, 0),
(23229, '豊明市', 23, 1104, 230, 44, 0),
(23230, '日進市', 23, 1105, 230, 45, 0),
(23231, '田原市', 23, 1106, 230, 46, 0),
(23232, '愛西市', 23, 1107, 230, 47, 0),
(23233, '清須市', 23, 1108, 230, 48, 0),
(23234, '北名古屋市', 23, 1109, 230, 49, 0),
(23235, '弥富市', 23, 1110, 230, 50, 0),
(23236, 'みよし市', 23, 1111, 230, 51, 0),
(23237, 'あま市', 23, 1112, 230, 52, 0),
(23238, '長久手市', 23, 1113, 230, 53, 0),
(23302, '東郷町', 23, 1114, 230, 54, 0),
(23342, '豊山町', 23, 1115, 230, 55, 0),
(23361, '大口町', 23, 1116, 230, 56, 0),
(23362, '扶桑町', 23, 1117, 230, 57, 0),
(23424, '大治町', 23, 1118, 230, 58, 0),
(23425, '蟹江町', 23, 1119, 230, 59, 0),
(23427, '飛島村', 23, 1120, 230, 60, 0),
(23441, '阿久比町', 23, 1121, 230, 61, 0),
(23442, '東浦町', 23, 1122, 230, 62, 0),
(23445, '南知多町', 23, 1123, 230, 63, 0),
(23446, '美浜町', 23, 1124, 230, 64, 0),
(23447, '武豊町', 23, 1125, 230, 65, 0),
(23481, '一色町', 23, 1126, 230, 66, 0),
(23482, '吉良町', 23, 1127, 230, 67, 0),
(23483, '幡豆町', 23, 1128, 230, 68, 0),
(23501, '幸田町', 23, 1129, 230, 69, 0),
(23561, '設楽町', 23, 1130, 230, 70, 0),
(23562, '東栄町', 23, 1131, 230, 71, 0),
(23563, '豊根村', 23, 1132, 230, 72, 0),
(24201, '津市', 24, 1133, 240, 1, 0),
(24202, '四日市市', 24, 1134, 240, 2, 0),
(24203, '伊勢市', 24, 1135, 240, 3, 0),
(24204, '松阪市', 24, 1136, 240, 4, 0),
(24205, '桑名市', 24, 1137, 240, 5, 0),
(24207, '鈴鹿市', 24, 1138, 240, 6, 0),
(24208, '名張市', 24, 1139, 240, 7, 0),
(24209, '尾鷲市', 24, 1140, 240, 8, 0),
(24210, '亀山市', 24, 1141, 240, 9, 0),
(24211, '鳥羽市', 24, 1142, 240, 10, 0),
(24212, '熊野市', 24, 1143, 240, 11, 0),
(24214, 'いなべ市', 24, 1144, 240, 12, 0),
(24303, '木曽岬町', 24, 1145, 240, 13, 0),
(24324, '東員町', 24, 1146, 240, 14, 0),
(24341, '菰野町', 24, 1147, 240, 15, 0),
(24343, '朝日町', 24, 1148, 240, 16, 0),
(24344, '川越町', 24, 1149, 240, 17, 0),
(24441, '多気町', 24, 1150, 240, 18, 0),
(24442, '明和町', 24, 1151, 240, 19, 0),
(24443, '大台町', 24, 1152, 240, 20, 0),
(24461, '玉城町', 24, 1153, 240, 21, 0),
(24470, '度会町', 24, 1154, 240, 22, 0),
(24561, '御浜町', 24, 1155, 240, 23, 0),
(24562, '紀宝町', 24, 1156, 240, 24, 0),
(24565, '志摩市', 24, 1157, 240, 25, 0),
(24566, '伊賀市', 24, 1158, 240, 26, 0),
(24567, '大紀町', 24, 1159, 240, 27, 0),
(24568, '南伊勢町', 24, 1160, 240, 28, 0),
(24569, '紀北町', 24, 1161, 240, 29, 0),
(25201, '大津市', 25, 1162, 250, 1, 0),
(25202, '彦根市', 25, 1163, 250, 2, 0),
(25203, '長浜市', 25, 1164, 250, 3, 0),
(25204, '近江八幡市', 25, 1165, 250, 4, 0),
(25206, '草津市', 25, 1166, 250, 5, 0),
(25207, '守山市', 25, 1167, 250, 6, 0),
(25208, '栗東市', 25, 1168, 250, 7, 0),
(25209, '甲賀市', 25, 1169, 250, 8, 0),
(25383, '日野町', 25, 1170, 250, 9, 0),
(25384, '竜王町', 25, 1171, 250, 10, 0),
(25441, '豊郷町', 25, 1172, 250, 11, 0),
(25442, '甲良町', 25, 1173, 250, 12, 0),
(25443, '多賀町', 25, 1174, 250, 13, 0),
(25527, '野洲市', 25, 1175, 250, 14, 0),
(25528, '湖南市', 25, 1176, 250, 15, 0),
(25529, '高島市', 25, 1177, 250, 16, 0),
(25530, '東近江市', 25, 1178, 250, 17, 0),
(25531, '米原市', 25, 1179, 250, 18, 0),
(25532, '愛荘町', 25, 1180, 250, 19, 0),
(26101, '京都市北区', 26, 1181, 260, 1, 0),
(26102, '京都市上京区', 26, 1182, 260, 2, 0),
(26103, '京都市左京区', 26, 1183, 260, 3, 0),
(26104, '京都市中京区', 26, 1184, 260, 4, 0),
(26105, '京都市東山区', 26, 1185, 260, 5, 0),
(26106, '京都市下京区', 26, 1186, 260, 6, 0),
(26107, '京都市南区', 26, 1187, 260, 7, 0),
(26108, '京都市右京区', 26, 1188, 260, 8, 0),
(26109, '京都市伏見区', 26, 1189, 260, 9, 0),
(26110, '京都市山科区', 26, 1190, 260, 10, 0),
(26111, '京都市西京区', 26, 1191, 260, 11, 0),
(26201, '福知山市', 26, 1192, 260, 12, 0),
(26202, '舞鶴市', 26, 1193, 260, 13, 0),
(26203, '綾部市', 26, 1194, 260, 14, 0),
(26204, '宇治市', 26, 1195, 260, 15, 0),
(26205, '宮津市', 26, 1196, 260, 16, 0),
(26206, '亀岡市', 26, 1197, 260, 17, 0),
(26207, '城陽市', 26, 1198, 260, 18, 0),
(26208, '向日市', 26, 1199, 260, 19, 0),
(26209, '長岡京市', 26, 1200, 260, 20, 0),
(26210, '八幡市', 26, 1201, 260, 21, 0),
(26211, '京田辺市', 26, 1202, 260, 22, 0),
(26212, '京丹後市', 26, 1203, 260, 23, 0),
(26214, '木津川市', 26, 1204, 260, 24, 0),
(26303, '大山崎町', 26, 1205, 260, 25, 0),
(26322, '久御山町', 26, 1206, 260, 26, 0),
(26343, '井手町', 26, 1207, 260, 27, 0),
(26344, '宇治田原町', 26, 1208, 260, 28, 0),
(26364, '笠置町', 26, 1209, 260, 29, 0),
(26365, '和束町', 26, 1210, 260, 30, 0),
(26366, '精華町', 26, 1211, 260, 31, 0),
(26367, '南山城村', 26, 1212, 260, 32, 0),
(26463, '伊根町', 26, 1213, 260, 33, 0),
(26522, '南丹市', 26, 1214, 260, 34, 0),
(26523, '木津川市', 26, 1215, 260, 35, 0),
(26524, '京丹波町', 26, 1216, 260, 36, 0),
(26525, '与謝野町', 26, 1217, 260, 37, 0),
(27102, '大阪市都島区', 27, 1218, 270, 1, 0),
(27103, '大阪市福島区', 27, 1219, 270, 2, 0),
(27104, '大阪市此花区', 27, 1220, 270, 3, 0),
(27106, '大阪市西区', 27, 1221, 270, 4, 0),
(27107, '大阪市港区', 27, 1222, 270, 5, 0),
(27108, '大阪市大正区', 27, 1223, 270, 6, 0),
(27109, '大阪市天王寺区', 27, 1224, 270, 7, 0),
(27111, '大阪市浪速区', 27, 1225, 270, 8, 0),
(27113, '大阪市西淀川区', 27, 1226, 270, 9, 0),
(27114, '大阪市東淀川区', 27, 1227, 270, 10, 0),
(27115, '大阪市東成区', 27, 1228, 270, 11, 0),
(27116, '大阪市生野区', 27, 1229, 270, 12, 0),
(27117, '大阪市旭区', 27, 1230, 270, 13, 0),
(27118, '大阪市城東区', 27, 1231, 270, 14, 0),
(27119, '大阪市阿倍野区', 27, 1232, 270, 15, 0),
(27120, '大阪市住吉区', 27, 1233, 270, 16, 0),
(27121, '大阪市東住吉区', 27, 1234, 270, 17, 0),
(27122, '大阪市西成区', 27, 1235, 270, 18, 0),
(27123, '大阪市淀川区', 27, 1236, 270, 19, 0),
(27124, '大阪市鶴見区', 27, 1237, 270, 20, 0),
(27125, '大阪市住之江区', 27, 1238, 270, 21, 0),
(27126, '大阪市平野区', 27, 1239, 270, 22, 0),
(27127, '大阪市北区', 27, 1240, 270, 23, 0),
(27128, '大阪市中央区', 27, 1241, 270, 24, 0),
(27202, '岸和田市', 27, 1242, 270, 25, 0),
(27203, '豊中市', 27, 1243, 270, 26, 0),
(27204, '池田市', 27, 1244, 270, 27, 0),
(27205, '吹田市', 27, 1245, 270, 28, 0),
(27206, '泉大津市', 27, 1246, 270, 29, 0),
(27207, '高槻市', 27, 1247, 270, 30, 0),
(27208, '貝塚市', 27, 1248, 270, 31, 0),
(27209, '守口市', 27, 1249, 270, 32, 0),
(27210, '枚方市', 27, 1250, 270, 33, 0),
(27211, '茨木市', 27, 1251, 270, 34, 0),
(27212, '八尾市', 27, 1252, 270, 35, 0),
(27213, '泉佐野市', 27, 1253, 270, 36, 0),
(27214, '富田林市', 27, 1254, 270, 37, 0),
(27215, '寝屋川市', 27, 1255, 270, 38, 0),
(27216, '河内長野市', 27, 1256, 270, 39, 0),
(27217, '松原市', 27, 1257, 270, 40, 0),
(27218, '大東市', 27, 1258, 270, 41, 0),
(27219, '和泉市', 27, 1259, 270, 42, 0),
(27220, '箕面市', 27, 1260, 270, 43, 0),
(27221, '柏原市', 27, 1261, 270, 44, 0),
(27222, '羽曳野市', 27, 1262, 270, 45, 0),
(27223, '門真市', 27, 1263, 270, 46, 0),
(27224, '摂津市', 27, 1264, 270, 47, 0),
(27225, '高石市', 27, 1265, 270, 48, 0),
(27226, '藤井寺市', 27, 1266, 270, 49, 0),
(27227, '東大阪市', 27, 1267, 270, 50, 0),
(27228, '泉南市', 27, 1268, 270, 51, 0),
(27229, '四條畷市', 27, 1269, 270, 52, 0),
(27230, '交野市', 27, 1270, 270, 53, 0),
(27231, '大阪狭山市', 27, 1271, 270, 54, 0),
(27232, '阪南市', 27, 1272, 270, 55, 0),
(27301, '島本町', 27, 1273, 270, 56, 0),
(27321, '豊能町', 27, 1274, 270, 57, 0),
(27322, '能勢町', 27, 1275, 270, 58, 0),
(27341, '忠岡町', 27, 1276, 270, 59, 0),
(27361, '熊取町', 27, 1277, 270, 60, 0),
(27362, '田尻町', 27, 1278, 270, 61, 0),
(27366, '岬町', 27, 1279, 270, 62, 0),
(27381, '太子町', 27, 1280, 270, 63, 0),
(27382, '河南町', 27, 1281, 270, 64, 0),
(27383, '千早赤阪村', 27, 1282, 270, 65, 0),
(27386, '堺市堺区', 27, 1283, 270, 66, 0),
(27387, '堺市中区', 27, 1284, 270, 67, 0),
(27388, '堺市東区', 27, 1285, 270, 68, 0),
(27389, '堺市南区', 27, 1286, 270, 69, 0),
(27390, '堺市美原区', 27, 1287, 270, 70, 0),
(27391, '堺市北区', 27, 1288, 270, 71, 0),
(27392, '堺市西区', 27, 1289, 270, 72, 0),
(28100, '神戸市', 28, 1290, 280, 1, 0),
(28101, '神戸市東灘区', 28, 1291, 280, 2, 0),
(28102, '神戸市灘区', 28, 1292, 280, 3, 0),
(28105, '神戸市兵庫区', 28, 1293, 280, 4, 0),
(28106, '神戸市長田区', 28, 1294, 280, 5, 0),
(28107, '神戸市須磨区', 28, 1295, 280, 6, 0),
(28108, '神戸市垂水区', 28, 1296, 280, 7, 0),
(28109, '神戸市北区', 28, 1297, 280, 8, 0),
(28110, '神戸市中央区', 28, 1298, 280, 9, 0),
(28111, '神戸市西区', 28, 1299, 280, 10, 0),
(28201, '姫路市', 28, 1300, 280, 11, 0),
(28202, '尼崎市', 28, 1301, 280, 12, 0),
(28203, '明石市', 28, 1302, 280, 13, 0),
(28204, '西宮市', 28, 1303, 280, 14, 0),
(28205, '洲本市', 28, 1304, 280, 15, 0),
(28206, '芦屋市', 28, 1305, 280, 16, 0),
(28207, '伊丹市', 28, 1306, 280, 17, 0),
(28208, '相生市', 28, 1307, 280, 18, 0),
(28209, '豊岡市', 28, 1308, 280, 19, 0),
(28210, '加古川市', 28, 1309, 280, 20, 0),
(28212, '赤穂市', 28, 1310, 280, 21, 0),
(28213, '西脇市', 28, 1311, 280, 22, 0),
(28214, '宝塚市', 28, 1312, 280, 23, 0),
(28215, '三木市', 28, 1313, 280, 24, 0),
(28216, '高砂市', 28, 1314, 280, 25, 0),
(28217, '川西市', 28, 1315, 280, 26, 0),
(28218, '小野市', 28, 1316, 280, 27, 0),
(28219, '三田市', 28, 1317, 280, 28, 0),
(28220, '加西市', 28, 1318, 280, 29, 0),
(28221, '篠山市', 28, 1319, 280, 30, 0),
(28222, '養父市', 28, 1320, 280, 31, 0),
(28301, '猪名川町', 28, 1321, 280, 32, 0),
(28381, '稲美町', 28, 1322, 280, 33, 0),
(28382, '播磨町', 28, 1323, 280, 34, 0),
(28442, '市川町', 28, 1324, 280, 35, 0),
(28443, '福崎町', 28, 1325, 280, 36, 0),
(28464, '太子町', 28, 1326, 280, 37, 0),
(28481, '上郡町', 28, 1327, 280, 38, 0),
(28501, '佐用町', 28, 1328, 280, 39, 0),
(28705, '丹波市', 28, 1329, 280, 40, 0),
(28706, '南あわじ市', 28, 1330, 280, 41, 0),
(28707, '朝来市', 28, 1331, 280, 42, 0),
(28708, '淡路市', 28, 1332, 280, 43, 0),
(28709, '宍粟市', 28, 1333, 280, 44, 0),
(28710, '加東市', 28, 1334, 280, 45, 0),
(28711, 'たつの市', 28, 1335, 280, 46, 0),
(28712, '多可町', 28, 1336, 280, 47, 0),
(28713, '神河町', 28, 1337, 280, 48, 0),
(28714, '香美町', 28, 1338, 280, 49, 0),
(28715, '新温泉町', 28, 1339, 280, 50, 0),
(29201, '奈良市', 29, 1340, 290, 1, 0),
(29202, '大和高田市', 29, 1341, 290, 2, 0),
(29203, '大和郡山市', 29, 1342, 290, 3, 0),
(29204, '天理市', 29, 1343, 290, 4, 0),
(29205, '橿原市', 29, 1344, 290, 5, 0),
(29206, '桜井市', 29, 1345, 290, 6, 0),
(29207, '五條市', 29, 1346, 290, 7, 0),
(29208, '御所市', 29, 1347, 290, 8, 0),
(29209, '生駒市', 29, 1348, 290, 9, 0),
(29210, '香芝市', 29, 1349, 290, 10, 0),
(29322, '山添村', 29, 1350, 290, 11, 0),
(29342, '平群町', 29, 1351, 290, 12, 0),
(29343, '三郷町', 29, 1352, 290, 13, 0),
(29344, '斑鳩町', 29, 1353, 290, 14, 0),
(29345, '安堵町', 29, 1354, 290, 15, 0),
(29361, '川西町', 29, 1355, 290, 16, 0),
(29362, '三宅町', 29, 1356, 290, 17, 0),
(29363, '田原本町', 29, 1357, 290, 18, 0),
(29385, '曽爾村', 29, 1358, 290, 19, 0),
(29386, '御杖村', 29, 1359, 290, 20, 0),
(29401, '高取町', 29, 1360, 290, 21, 0),
(29402, '明日香村', 29, 1361, 290, 22, 0),
(29424, '上牧町', 29, 1362, 290, 23, 0),
(29425, '王寺町', 29, 1363, 290, 24, 0),
(29426, '広陵町', 29, 1364, 290, 25, 0),
(29427, '河合町', 29, 1365, 290, 26, 0),
(29441, '吉野町', 29, 1366, 290, 27, 0),
(29442, '大淀町', 29, 1367, 290, 28, 0),
(29443, '下市町', 29, 1368, 290, 29, 0),
(29444, '黒滝村', 29, 1369, 290, 30, 0),
(29446, '天川村', 29, 1370, 290, 31, 0),
(29447, '野迫川村', 29, 1371, 290, 32, 0),
(29449, '十津川村', 29, 1372, 290, 33, 0),
(29450, '下北山村', 29, 1373, 290, 34, 0),
(29451, '上北山村', 29, 1374, 290, 35, 0),
(29452, '川上村', 29, 1375, 290, 36, 0),
(29453, '東吉野村', 29, 1376, 290, 37, 0),
(29454, '葛城市', 29, 1377, 290, 38, 0),
(29455, '宇陀市', 29, 1378, 290, 39, 0),
(30201, '和歌山市', 30, 1379, 300, 1, 0),
(30202, '海南市', 30, 1380, 300, 2, 0),
(30203, '橋本市', 30, 1381, 300, 3, 0),
(30204, '有田市', 30, 1382, 300, 4, 0),
(30205, '御坊市', 30, 1383, 300, 5, 0),
(30206, '田辺市', 30, 1384, 300, 6, 0),
(30207, '新宮市', 30, 1385, 300, 7, 0),
(30341, 'かつらぎ町', 30, 1386, 300, 8, 0),
(30343, '九度山町', 30, 1387, 300, 9, 0),
(30344, '高野町', 30, 1388, 300, 10, 0),
(30361, '湯浅町', 30, 1389, 300, 11, 0),
(30362, '広川町', 30, 1390, 300, 12, 0),
(30381, '美浜町', 30, 1391, 300, 13, 0),
(30382, '日高町', 30, 1392, 300, 14, 0),
(30383, '由良町', 30, 1393, 300, 15, 0),
(30390, '印南町', 30, 1394, 300, 16, 0),
(30401, '白浜町', 30, 1395, 300, 17, 0),
(30404, '上富田町', 30, 1396, 300, 18, 0),
(30406, 'すさみ町', 30, 1397, 300, 19, 0),
(30407, '串本町', 30, 1398, 300, 20, 0),
(30421, '那智勝浦町', 30, 1399, 300, 21, 0);
INSERT INTO `area` (`area_id`, `name`, `pref_id`, `city_id`, `region_id`, `ordered`, `delete_flg`) VALUES
(30422, '太地町', 30, 1400, 300, 22, 0),
(30424, '古座川町', 30, 1401, 300, 23, 0),
(30427, '北山村', 30, 1402, 300, 24, 0),
(30428, '紀の川市', 30, 1403, 300, 25, 0),
(30429, '岩出市', 30, 1404, 300, 26, 0),
(30430, '紀美野町', 30, 1405, 300, 27, 0),
(30431, '有田川町', 30, 1406, 300, 28, 0),
(30432, 'みなべ町', 30, 1407, 300, 29, 0),
(30433, '日高川町', 30, 1408, 300, 30, 0),
(31201, '鳥取市', 31, 1409, 310, 1, 0),
(31202, '米子市', 31, 1410, 310, 2, 0),
(31203, '倉吉市', 31, 1411, 310, 3, 0),
(31204, '境港市', 31, 1412, 310, 4, 0),
(31302, '岩美町', 31, 1413, 310, 5, 0),
(31325, '若桜町', 31, 1414, 310, 6, 0),
(31328, '智頭町', 31, 1415, 310, 7, 0),
(31364, '三朝町', 31, 1416, 310, 8, 0),
(31384, '日吉津村', 31, 1417, 310, 9, 0),
(31386, '大山町', 31, 1418, 310, 10, 0),
(31401, '日南町', 31, 1419, 310, 11, 0),
(31402, '日野町', 31, 1420, 310, 12, 0),
(31403, '江府町', 31, 1421, 310, 13, 0),
(31405, '八頭町', 31, 1422, 310, 14, 0),
(31406, '湯梨浜町', 31, 1423, 310, 15, 0),
(31407, '琴浦町', 31, 1424, 310, 16, 0),
(31408, '北栄町', 31, 1425, 310, 17, 0),
(31409, '南部町', 31, 1426, 310, 18, 0),
(31410, '伯耆町', 31, 1427, 310, 19, 0),
(32201, '松江市', 32, 1428, 320, 1, 0),
(32202, '浜田市', 32, 1429, 320, 2, 0),
(32203, '出雲市', 32, 1430, 320, 3, 0),
(32204, '益田市', 32, 1431, 320, 4, 0),
(32205, '大田市', 32, 1432, 320, 5, 0),
(32206, '安来市', 32, 1433, 320, 6, 0),
(32207, '江津市', 32, 1434, 320, 7, 0),
(32304, '東出雲町', 32, 1435, 320, 8, 0),
(32401, '斐川町', 32, 1436, 320, 9, 0),
(32441, '川本町', 32, 1437, 320, 10, 0),
(32501, '津和野町', 32, 1438, 320, 11, 0),
(32525, '海士町', 32, 1439, 320, 12, 0),
(32526, '西ノ島町', 32, 1440, 320, 13, 0),
(32527, '知夫村', 32, 1441, 320, 14, 0),
(32528, '雲南市', 32, 1442, 320, 15, 0),
(32529, '奥出雲町', 32, 1443, 320, 16, 0),
(32530, '飯南町', 32, 1444, 320, 17, 0),
(32531, '美郷町', 32, 1445, 320, 18, 0),
(32532, '邑南町', 32, 1446, 320, 19, 0),
(32533, '吉賀町', 32, 1447, 320, 20, 0),
(32534, '隠岐の島町', 32, 1448, 320, 21, 0),
(33100, '岡山市', 33, 1449, 330, 1, 0),
(33101, '岡山市北区', 33, 1450, 330, 2, 0),
(33102, '岡山市中区', 33, 1451, 330, 3, 0),
(33103, '岡山市東区', 33, 1452, 330, 4, 0),
(33104, '岡山市南区', 33, 1453, 330, 5, 0),
(33202, '倉敷市', 33, 1454, 330, 6, 0),
(33203, '津山市', 33, 1455, 330, 7, 0),
(33204, '玉野市', 33, 1456, 330, 8, 0),
(33205, '笠岡市', 33, 1457, 330, 9, 0),
(33207, '井原市', 33, 1458, 330, 10, 0),
(33208, '総社市', 33, 1459, 330, 11, 0),
(33209, '高梁市', 33, 1460, 330, 12, 0),
(33210, '新見市', 33, 1461, 330, 13, 0),
(33211, '備前市', 33, 1462, 330, 14, 0),
(33346, '和気町', 33, 1463, 330, 15, 0),
(33423, '早島町', 33, 1464, 330, 16, 0),
(33445, '里庄町', 33, 1465, 330, 17, 0),
(33461, '矢掛町', 33, 1466, 330, 18, 0),
(33586, '新庄村', 33, 1467, 330, 19, 0),
(33606, '鏡野町', 33, 1468, 330, 20, 0),
(33622, '勝央町', 33, 1469, 330, 21, 0),
(33623, '奈義町', 33, 1470, 330, 22, 0),
(33643, '西粟倉村', 33, 1471, 330, 23, 0),
(33663, '久米南町', 33, 1472, 330, 24, 0),
(33666, '瀬戸内市', 33, 1473, 330, 25, 0),
(33667, '赤磐市', 33, 1474, 330, 26, 0),
(33668, '真庭市', 33, 1475, 330, 27, 0),
(33669, '美作市', 33, 1476, 330, 28, 0),
(33670, '浅口市', 33, 1477, 330, 29, 0),
(33671, '美咲町', 33, 1478, 330, 30, 0),
(33672, '吉備中央町', 33, 1479, 330, 31, 0),
(34101, '広島市中区', 34, 1480, 340, 1, 0),
(34102, '広島市東区', 34, 1481, 340, 2, 0),
(34103, '広島市南区', 34, 1482, 340, 3, 0),
(34104, '広島市西区', 34, 1483, 340, 4, 0),
(34105, '広島市安佐南区', 34, 1484, 340, 5, 0),
(34106, '広島市安佐北区', 34, 1485, 340, 6, 0),
(34107, '広島市安芸区', 34, 1486, 340, 7, 0),
(34108, '広島市佐伯区', 34, 1487, 340, 8, 0),
(34202, '呉市', 34, 1488, 340, 9, 0),
(34203, '竹原市', 34, 1489, 340, 10, 0),
(34204, '三原市', 34, 1490, 340, 11, 0),
(34205, '尾道市', 34, 1491, 340, 12, 0),
(34207, '福山市', 34, 1492, 340, 13, 0),
(34208, '府中市', 34, 1493, 340, 14, 0),
(34209, '三次市', 34, 1494, 340, 15, 0),
(34210, '庄原市', 34, 1495, 340, 16, 0),
(34211, '大竹市', 34, 1496, 340, 17, 0),
(34212, '東広島市', 34, 1497, 340, 18, 0),
(34213, '廿日市市', 34, 1498, 340, 19, 0),
(34214, '安芸高田市', 34, 1499, 340, 20, 0),
(34302, '府中町', 34, 1500, 340, 21, 0),
(34304, '海田町', 34, 1501, 340, 22, 0),
(34307, '熊野町', 34, 1502, 340, 23, 0),
(34309, '坂町', 34, 1503, 340, 24, 0),
(34431, '大崎上島町', 34, 1504, 340, 25, 0),
(34462, '世羅町', 34, 1505, 340, 26, 0),
(34606, '江田島市', 34, 1506, 340, 27, 0),
(34607, '安芸太田町', 34, 1507, 340, 28, 0),
(34608, '北広島町', 34, 1508, 340, 29, 0),
(34609, '神石高原町', 34, 1509, 340, 30, 0),
(35201, '下関市', 35, 1510, 350, 1, 0),
(35202, '宇部市', 35, 1511, 350, 2, 0),
(35203, '山口市', 35, 1512, 350, 3, 0),
(35204, '萩市', 35, 1513, 350, 4, 0),
(35206, '防府市', 35, 1514, 350, 5, 0),
(35207, '下松市', 35, 1515, 350, 6, 0),
(35208, '岩国市', 35, 1516, 350, 7, 0),
(35210, '光市', 35, 1517, 350, 8, 0),
(35211, '長門市', 35, 1518, 350, 9, 0),
(35212, '柳井市', 35, 1519, 350, 10, 0),
(35213, '美祢市', 35, 1520, 350, 11, 0),
(35215, '周南市', 35, 1521, 350, 12, 0),
(35321, '和木町', 35, 1522, 350, 13, 0),
(35341, '上関町', 35, 1523, 350, 14, 0),
(35343, '田布施町', 35, 1524, 350, 15, 0),
(35344, '平生町', 35, 1525, 350, 16, 0),
(35502, '阿武町', 35, 1526, 350, 17, 0),
(35509, '山陽小野田市', 35, 1527, 350, 18, 0),
(35510, '周防大島町', 35, 1528, 350, 19, 0),
(36201, '徳島市', 36, 1529, 360, 1, 0),
(36202, '鳴門市', 36, 1530, 360, 2, 0),
(36203, '小松島市', 36, 1531, 360, 3, 0),
(36204, '阿南市', 36, 1532, 360, 4, 0),
(36205, '吉野川市', 36, 1533, 360, 5, 0),
(36301, '勝浦町', 36, 1534, 360, 6, 0),
(36302, '上勝町', 36, 1535, 360, 7, 0),
(36321, '佐那河内村', 36, 1536, 360, 8, 0),
(36341, '石井町', 36, 1537, 360, 9, 0),
(36342, '神山町', 36, 1538, 360, 10, 0),
(36383, '牟岐町', 36, 1539, 360, 11, 0),
(36401, '松茂町', 36, 1540, 360, 12, 0),
(36402, '北島町', 36, 1541, 360, 13, 0),
(36403, '藍住町', 36, 1542, 360, 14, 0),
(36404, '板野町', 36, 1543, 360, 15, 0),
(36405, '上板町', 36, 1544, 360, 16, 0),
(36489, '阿波市', 36, 1545, 360, 17, 0),
(36490, '美馬市', 36, 1546, 360, 18, 0),
(36491, '三好市', 36, 1547, 360, 19, 0),
(36492, '那賀町', 36, 1548, 360, 20, 0),
(36493, '美波町', 36, 1549, 360, 21, 0),
(36494, '海陽町', 36, 1550, 360, 22, 0),
(36495, 'つるぎ町', 36, 1551, 360, 23, 0),
(36496, '東みよし町', 36, 1552, 360, 24, 0),
(37201, '高松市', 37, 1553, 370, 1, 0),
(37202, '丸亀市', 37, 1554, 370, 2, 0),
(37203, '坂出市', 37, 1555, 370, 3, 0),
(37204, '善通寺市', 37, 1556, 370, 4, 0),
(37205, '観音寺市', 37, 1557, 370, 5, 0),
(37206, 'さぬき市', 37, 1558, 370, 6, 0),
(37207, '東かがわ市', 37, 1559, 370, 7, 0),
(37322, '土庄町', 37, 1560, 370, 8, 0),
(37341, '三木町', 37, 1561, 370, 9, 0),
(37364, '直島町', 37, 1562, 370, 10, 0),
(37386, '宇多津町', 37, 1563, 370, 11, 0),
(37403, '琴平町', 37, 1564, 370, 12, 0),
(37404, '多度津町', 37, 1565, 370, 13, 0),
(37430, '三豊市', 37, 1566, 370, 14, 0),
(37431, '小豆島町', 37, 1567, 370, 15, 0),
(37432, '綾川町', 37, 1568, 370, 16, 0),
(37433, 'まんのう町', 37, 1569, 370, 17, 0),
(38201, '松山市', 38, 1570, 380, 1, 0),
(38202, '今治市', 38, 1571, 380, 2, 0),
(38203, '宇和島市', 38, 1572, 380, 3, 0),
(38204, '八幡浜市', 38, 1573, 380, 4, 0),
(38205, '新居浜市', 38, 1574, 380, 5, 0),
(38206, '西条市', 38, 1575, 380, 6, 0),
(38207, '大洲市', 38, 1576, 380, 7, 0),
(38210, '伊予市', 38, 1577, 380, 8, 0),
(38213, '四国中央市', 38, 1578, 380, 9, 0),
(38214, '西予市', 38, 1579, 380, 10, 0),
(38401, '松前町', 38, 1580, 380, 11, 0),
(38402, '砥部町', 38, 1581, 380, 12, 0),
(38422, '内子町', 38, 1582, 380, 13, 0),
(38442, '伊方町', 38, 1583, 380, 14, 0),
(38484, '松野町', 38, 1584, 380, 15, 0),
(38506, '愛南町', 38, 1585, 380, 16, 0),
(38507, '東温市', 38, 1586, 380, 17, 0),
(38508, '上島町', 38, 1587, 380, 18, 0),
(38509, '久万高原町', 38, 1588, 380, 19, 0),
(38510, '鬼北町', 38, 1589, 380, 20, 0),
(39201, '高知市', 39, 1590, 390, 1, 0),
(39202, '室戸市', 39, 1591, 390, 2, 0),
(39203, '安芸市', 39, 1592, 390, 3, 0),
(39204, '南国市', 39, 1593, 390, 4, 0),
(39205, '土佐市', 39, 1594, 390, 5, 0),
(39206, '須崎市', 39, 1595, 390, 6, 0),
(39208, '宿毛市', 39, 1596, 390, 7, 0),
(39209, '土佐清水市', 39, 1597, 390, 8, 0),
(39301, '東洋町', 39, 1598, 390, 9, 0),
(39302, '奈半利町', 39, 1599, 390, 10, 0),
(39303, '田野町', 39, 1600, 390, 11, 0),
(39304, '安田町', 39, 1601, 390, 12, 0),
(39305, '北川村', 39, 1602, 390, 13, 0),
(39306, '馬路村', 39, 1603, 390, 14, 0),
(39307, '芸西村', 39, 1604, 390, 15, 0),
(39341, '本山町', 39, 1605, 390, 16, 0),
(39344, '大豊町', 39, 1606, 390, 17, 0),
(39363, '土佐町', 39, 1607, 390, 18, 0),
(39364, '大川村', 39, 1608, 390, 19, 0),
(39401, '中土佐町', 39, 1609, 390, 20, 0),
(39402, '佐川町', 39, 1610, 390, 21, 0),
(39403, '越知町', 39, 1611, 390, 22, 0),
(39410, '日高村', 39, 1612, 390, 23, 0),
(39424, '大月町', 39, 1613, 390, 24, 0),
(39427, '三原村', 39, 1614, 390, 25, 0),
(39428, '四万十市', 39, 1615, 390, 26, 0),
(39429, '香南市', 39, 1616, 390, 27, 0),
(39430, '香美市', 39, 1617, 390, 28, 0),
(39431, 'いの町', 39, 1618, 390, 29, 0),
(39432, '仁淀川町', 39, 1619, 390, 30, 0),
(39433, '梼原町', 39, 1620, 390, 31, 0),
(39434, '津野町', 39, 1621, 390, 32, 0),
(39435, '四万十町', 39, 1622, 390, 33, 0),
(39436, '黒潮町', 39, 1623, 390, 34, 0),
(40100, '北九州市', 40, 1624, 400, 1, 0),
(40101, '北九州市門司区', 40, 1625, 400, 2, 0),
(40103, '北九州市若松区', 40, 1626, 400, 3, 0),
(40105, '北九州市戸畑区', 40, 1627, 400, 4, 0),
(40106, '北九州市小倉北区', 40, 1628, 400, 5, 0),
(40107, '北九州市小倉南区', 40, 1629, 400, 6, 0),
(40108, '北九州市八幡東区', 40, 1630, 400, 7, 0),
(40109, '北九州市八幡西区', 40, 1631, 400, 8, 0),
(40131, '福岡市東区', 40, 1632, 400, 9, 0),
(40132, '福岡市博多区', 40, 1633, 400, 10, 0),
(40133, '福岡市中央区', 40, 1634, 400, 11, 0),
(40134, '福岡市南区', 40, 1635, 400, 12, 0),
(40135, '福岡市西区', 40, 1636, 400, 13, 0),
(40136, '福岡市城南区', 40, 1637, 400, 14, 0),
(40137, '福岡市早良区', 40, 1638, 400, 15, 0),
(40202, '大牟田市', 40, 1639, 400, 16, 0),
(40203, '久留米市', 40, 1640, 400, 17, 0),
(40204, '直方市', 40, 1641, 400, 18, 0),
(40205, '飯塚市', 40, 1642, 400, 19, 0),
(40206, '田川市', 40, 1643, 400, 20, 0),
(40207, '柳川市', 40, 1644, 400, 21, 0),
(40210, '八女市', 40, 1645, 400, 22, 0),
(40211, '筑後市', 40, 1646, 400, 23, 0),
(40212, '大川市', 40, 1647, 400, 24, 0),
(40213, '行橋市', 40, 1648, 400, 25, 0),
(40214, '豊前市', 40, 1649, 400, 26, 0),
(40215, '中間市', 40, 1650, 400, 27, 0),
(40216, '小郡市', 40, 1651, 400, 28, 0),
(40217, '筑紫野市', 40, 1652, 400, 29, 0),
(40218, '春日市', 40, 1653, 400, 30, 0),
(40219, '大野城市', 40, 1654, 400, 31, 0),
(40220, '宗像市', 40, 1655, 400, 32, 0),
(40221, '太宰府市', 40, 1656, 400, 33, 0),
(40223, '古賀市', 40, 1657, 400, 34, 0),
(40230, '糸島市', 40, 1658, 400, 35, 0),
(40305, '那珂川町', 40, 1659, 400, 36, 0),
(40341, '宇美町', 40, 1660, 400, 37, 0),
(40342, '篠栗町', 40, 1661, 400, 38, 0),
(40343, '志免町', 40, 1662, 400, 39, 0),
(40344, '須恵町', 40, 1663, 400, 40, 0),
(40345, '新宮町', 40, 1664, 400, 41, 0),
(40348, '久山町', 40, 1665, 400, 42, 0),
(40349, '粕屋町', 40, 1666, 400, 43, 0),
(40381, '芦屋町', 40, 1667, 400, 44, 0),
(40382, '水巻町', 40, 1668, 400, 45, 0),
(40383, '岡垣町', 40, 1669, 400, 46, 0),
(40384, '遠賀町', 40, 1670, 400, 47, 0),
(40401, '小竹町', 40, 1671, 400, 48, 0),
(40402, '鞍手町', 40, 1672, 400, 49, 0),
(40421, '桂川町', 40, 1673, 400, 50, 0),
(40503, '大刀洗町', 40, 1674, 400, 51, 0),
(40522, '大木町', 40, 1675, 400, 52, 0),
(40544, '広川町', 40, 1676, 400, 53, 0),
(40601, '香春町', 40, 1677, 400, 54, 0),
(40602, '添田町', 40, 1678, 400, 55, 0),
(40604, '糸田町', 40, 1679, 400, 56, 0),
(40605, '川崎町', 40, 1680, 400, 57, 0),
(40608, '大任町', 40, 1681, 400, 58, 0),
(40609, '赤村', 40, 1682, 400, 59, 0),
(40621, '苅田町', 40, 1683, 400, 60, 0),
(40642, '吉富町', 40, 1684, 400, 61, 0),
(40646, '福津市', 40, 1685, 400, 62, 0),
(40647, 'うきは市', 40, 1686, 400, 63, 0),
(40648, '宮若市', 40, 1687, 400, 64, 0),
(40649, '嘉麻市', 40, 1688, 400, 65, 0),
(40650, '朝倉市', 40, 1689, 400, 66, 0),
(40651, 'みやま市', 40, 1690, 400, 67, 0),
(40652, '筑前町', 40, 1691, 400, 68, 0),
(40653, '東峰村', 40, 1692, 400, 69, 0),
(40654, '福智町', 40, 1693, 400, 70, 0),
(40655, 'みやこ町', 40, 1694, 400, 71, 0),
(40656, '上毛町', 40, 1695, 400, 72, 0),
(40657, '築上町', 40, 1696, 400, 73, 0),
(41201, '佐賀市', 41, 1697, 410, 1, 0),
(41202, '唐津市', 41, 1698, 410, 2, 0),
(41203, '鳥栖市', 41, 1699, 410, 3, 0),
(41204, '多久市', 41, 1700, 410, 4, 0),
(41205, '伊万里市', 41, 1701, 410, 5, 0),
(41206, '武雄市', 41, 1702, 410, 6, 0),
(41207, '鹿島市', 41, 1703, 410, 7, 0),
(41341, '基山町', 41, 1704, 410, 8, 0),
(41345, '上峰町', 41, 1705, 410, 9, 0),
(41387, '玄海町', 41, 1706, 410, 10, 0),
(41401, '有田町', 41, 1707, 410, 11, 0),
(41423, '大町町', 41, 1708, 410, 12, 0),
(41424, '江北町', 41, 1709, 410, 13, 0),
(41425, '白石町', 41, 1710, 410, 14, 0),
(41441, '太良町', 41, 1711, 410, 15, 0),
(41444, '小城市', 41, 1712, 410, 16, 0),
(41445, '嬉野市', 41, 1713, 410, 17, 0),
(41446, '神埼市', 41, 1714, 410, 18, 0),
(41447, '吉野ヶ里町', 41, 1715, 410, 19, 0),
(41448, 'みやき町', 41, 1716, 410, 20, 0),
(42201, '長崎市', 42, 1717, 420, 1, 0),
(42202, '佐世保市', 42, 1718, 420, 2, 0),
(42203, '島原市', 42, 1719, 420, 3, 0),
(42204, '諫早市', 42, 1720, 420, 4, 0),
(42205, '大村市', 42, 1721, 420, 5, 0),
(42207, '平戸市', 42, 1722, 420, 6, 0),
(42208, '松浦市', 42, 1723, 420, 7, 0),
(42209, '対馬市', 42, 1724, 420, 8, 0),
(42210, '壱岐市', 42, 1725, 420, 9, 0),
(42211, '五島市', 42, 1726, 420, 10, 0),
(42307, '長与町', 42, 1727, 420, 11, 0),
(42308, '時津町', 42, 1728, 420, 12, 0),
(42321, '東彼杵町', 42, 1729, 420, 13, 0),
(42322, '川棚町', 42, 1730, 420, 14, 0),
(42323, '波佐見町', 42, 1731, 420, 15, 0),
(42383, '小値賀町', 42, 1732, 420, 16, 0),
(42391, '佐々町', 42, 1733, 420, 17, 0),
(42411, '新上五島町', 42, 1734, 420, 18, 0),
(42441, '西海市', 42, 1735, 420, 19, 0),
(42442, '雲仙市', 42, 1736, 420, 20, 0),
(42443, '南島原市', 42, 1737, 420, 21, 0),
(43201, '熊本市', 43, 1738, 430, 1, 0),
(43202, '八代市', 43, 1739, 430, 2, 0),
(43203, '人吉市', 43, 1740, 430, 3, 0),
(43204, '荒尾市', 43, 1741, 430, 4, 0),
(43205, '水俣市', 43, 1742, 430, 5, 0),
(43206, '玉名市', 43, 1743, 430, 6, 0),
(43208, '山鹿市', 43, 1744, 430, 7, 0),
(43210, '菊池市', 43, 1745, 430, 8, 0),
(43211, '宇土市', 43, 1746, 430, 9, 0),
(43212, '上天草市', 43, 1747, 430, 10, 0),
(43364, '玉東町', 43, 1748, 430, 11, 0),
(43367, '南関町', 43, 1749, 430, 12, 0),
(43368, '長洲町', 43, 1750, 430, 13, 0),
(43403, '大津町', 43, 1751, 430, 14, 0),
(43404, '菊陽町', 43, 1752, 430, 15, 0),
(43423, '南小国町', 43, 1753, 430, 16, 0),
(43424, '小国町', 43, 1754, 430, 17, 0),
(43425, '産山村', 43, 1755, 430, 18, 0),
(43428, '高森町', 43, 1756, 430, 19, 0),
(43432, '西原村', 43, 1757, 430, 20, 0),
(43441, '御船町', 43, 1758, 430, 21, 0),
(43442, '嘉島町', 43, 1759, 430, 22, 0),
(43443, '益城町', 43, 1760, 430, 23, 0),
(43444, '甲佐町', 43, 1761, 430, 24, 0),
(43482, '芦北町', 43, 1762, 430, 25, 0),
(43484, '津奈木町', 43, 1763, 430, 26, 0),
(43501, '錦町', 43, 1764, 430, 27, 0),
(43505, '多良木町', 43, 1765, 430, 28, 0),
(43506, '湯前町', 43, 1766, 430, 29, 0),
(43507, '水上村', 43, 1767, 430, 30, 0),
(43510, '相良村', 43, 1768, 430, 31, 0),
(43511, '五木村', 43, 1769, 430, 32, 0),
(43512, '山江村', 43, 1770, 430, 33, 0),
(43513, '球磨村', 43, 1771, 430, 34, 0),
(43514, 'あさぎり町', 43, 1772, 430, 35, 0),
(43531, '苓北町', 43, 1773, 430, 36, 0),
(43534, '宇城市', 43, 1774, 430, 37, 0),
(43535, '阿蘇市', 43, 1775, 430, 38, 0),
(43536, '天草市', 43, 1776, 430, 39, 0),
(43537, '合志市', 43, 1777, 430, 40, 0),
(43538, '美里町', 43, 1778, 430, 41, 0),
(43539, '和水町', 43, 1779, 430, 42, 0),
(43540, '南阿蘇村', 43, 1780, 430, 43, 0),
(43541, '山都町', 43, 1781, 430, 44, 0),
(43542, '氷川町', 43, 1782, 430, 45, 0),
(44201, '大分市', 44, 1783, 440, 1, 0),
(44202, '別府市', 44, 1784, 440, 2, 0),
(44203, '中津市', 44, 1785, 440, 3, 0),
(44204, '日田市', 44, 1786, 440, 4, 0),
(44205, '佐伯市', 44, 1787, 440, 5, 0),
(44206, '臼杵市', 44, 1788, 440, 6, 0),
(44207, '津久見市', 44, 1789, 440, 7, 0),
(44208, '竹田市', 44, 1790, 440, 8, 0),
(44209, '豊後高田市', 44, 1791, 440, 9, 0),
(44210, '杵築市', 44, 1792, 440, 10, 0),
(44211, '宇佐市', 44, 1793, 440, 11, 0),
(44322, '姫島村', 44, 1794, 440, 12, 0),
(44341, '日出町', 44, 1795, 440, 13, 0),
(44461, '九重町', 44, 1796, 440, 14, 0),
(44462, '玖珠町', 44, 1797, 440, 15, 0),
(44523, '豊後大野市', 44, 1798, 440, 16, 0),
(44524, '由布市', 44, 1799, 440, 17, 0),
(44525, '国東市', 44, 1800, 440, 18, 0),
(45201, '宮崎市', 45, 1801, 450, 1, 0),
(45202, '都城市', 45, 1802, 450, 2, 0),
(45203, '延岡市', 45, 1803, 450, 3, 0),
(45204, '日南市', 45, 1804, 450, 4, 0),
(45205, '小林市', 45, 1805, 450, 5, 0),
(45206, '日向市', 45, 1806, 450, 6, 0),
(45207, '串間市', 45, 1807, 450, 7, 0),
(45208, '西都市', 45, 1808, 450, 8, 0),
(45209, 'えびの市', 45, 1809, 450, 9, 0),
(45341, '三股町', 45, 1810, 450, 10, 0),
(45361, '高原町', 45, 1811, 450, 11, 0),
(45382, '国富町', 45, 1812, 450, 12, 0),
(45383, '綾町', 45, 1813, 450, 13, 0),
(45401, '高鍋町', 45, 1814, 450, 14, 0),
(45402, '新富町', 45, 1815, 450, 15, 0),
(45403, '西米良村', 45, 1816, 450, 16, 0),
(45404, '木城町', 45, 1817, 450, 17, 0),
(45405, '川南町', 45, 1818, 450, 18, 0),
(45406, '都農町', 45, 1819, 450, 19, 0),
(45421, '門川町', 45, 1820, 450, 20, 0),
(45429, '諸塚村', 45, 1821, 450, 21, 0),
(45430, '椎葉村', 45, 1822, 450, 22, 0),
(45441, '高千穂町', 45, 1823, 450, 23, 0),
(45442, '日之影町', 45, 1824, 450, 24, 0),
(45443, '五ヶ瀬町', 45, 1825, 450, 25, 0),
(45444, '美郷町', 45, 1826, 450, 26, 0),
(46201, '鹿児島市', 46, 1827, 460, 1, 0),
(46203, '鹿屋市', 46, 1828, 460, 2, 0),
(46204, '枕崎市', 46, 1829, 460, 3, 0),
(46206, '阿久根市', 46, 1830, 460, 4, 0),
(46208, '出水市', 46, 1831, 460, 5, 0),
(46210, '指宿市', 46, 1832, 460, 6, 0),
(46213, '西之表市', 46, 1833, 460, 7, 0),
(46214, '垂水市', 46, 1834, 460, 8, 0),
(46224, '伊佐市', 46, 1835, 460, 9, 0),
(46225, '姶良市', 46, 1836, 460, 10, 0),
(46303, '三島村', 46, 1837, 460, 11, 0),
(46304, '十島村', 46, 1838, 460, 12, 0),
(46404, '長島町', 46, 1839, 460, 13, 0),
(46468, '大崎町', 46, 1840, 460, 14, 0),
(46482, '東串良町', 46, 1841, 460, 15, 0),
(46501, '中種子町', 46, 1842, 460, 16, 0),
(46502, '南種子町', 46, 1843, 460, 17, 0),
(46523, '大和村', 46, 1844, 460, 18, 0),
(46524, '宇検村', 46, 1845, 460, 19, 0),
(46525, '瀬戸内町', 46, 1846, 460, 20, 0),
(46527, '龍郷町', 46, 1847, 460, 21, 0),
(46529, '喜界町', 46, 1848, 460, 22, 0),
(46530, '徳之島町', 46, 1849, 460, 23, 0),
(46531, '天城町', 46, 1850, 460, 24, 0),
(46532, '伊仙町', 46, 1851, 460, 25, 0),
(46533, '和泊町', 46, 1852, 460, 26, 0),
(46534, '知名町', 46, 1853, 460, 27, 0),
(46535, '与論町', 46, 1854, 460, 28, 0),
(46536, '薩摩川内市', 46, 1855, 460, 29, 0),
(46537, '日置市', 46, 1856, 460, 30, 0),
(46538, '曽於市', 46, 1857, 460, 31, 0),
(46539, '霧島市', 46, 1858, 460, 32, 0),
(46540, 'いちき串木野市', 46, 1859, 460, 33, 0),
(46541, '南さつま市', 46, 1860, 460, 34, 0),
(46542, '志布志市', 46, 1861, 460, 35, 0),
(46543, '奄美市', 46, 1862, 460, 36, 0),
(46544, '南九州市', 46, 1863, 460, 37, 0),
(46545, 'さつま町', 46, 1864, 460, 38, 0),
(46546, '湧水町', 46, 1865, 460, 39, 0),
(46547, '錦江町', 46, 1866, 460, 40, 0),
(46548, '南大隅町', 46, 1867, 460, 41, 0),
(46549, '肝付町', 46, 1868, 460, 42, 0),
(46550, '屋久島町', 46, 1869, 460, 43, 0),
(47201, '那覇市', 47, 1870, 470, 1, 0),
(47202, '石川市', 47, 1871, 470, 2, 0),
(47203, '具志川市', 47, 1872, 470, 3, 0),
(47205, '宜野湾市', 47, 1873, 470, 4, 0),
(47206, '平良市', 47, 1874, 470, 5, 0),
(47207, '石垣市', 47, 1875, 470, 6, 0),
(47208, '浦添市', 47, 1876, 470, 7, 0),
(47209, '名護市', 47, 1877, 470, 8, 0),
(47210, '糸満市', 47, 1878, 470, 9, 0),
(47211, '沖縄市', 47, 1879, 470, 10, 0),
(47212, '豊見城市', 47, 1880, 470, 11, 0),
(47300, '国頭郡', 47, 1881, 470, 12, 0),
(47301, '国頭村', 47, 1882, 470, 13, 0),
(47302, '大宜味村', 47, 1883, 470, 14, 0),
(47303, '東村', 47, 1884, 470, 15, 0),
(47306, '今帰仁村', 47, 1885, 470, 16, 0),
(47308, '本部町', 47, 1886, 470, 17, 0),
(47311, '恩納村', 47, 1887, 470, 18, 0),
(47313, '宜野座村', 47, 1888, 470, 19, 0),
(47314, '金武町', 47, 1889, 470, 20, 0),
(47315, '伊江村', 47, 1890, 470, 21, 0),
(47320, '中頭郡', 47, 1891, 470, 22, 0),
(47322, '与那城町', 47, 1892, 470, 23, 0),
(47323, '勝連町', 47, 1893, 470, 24, 0),
(47324, '読谷村', 47, 1894, 470, 25, 0),
(47325, '嘉手納町', 47, 1895, 470, 26, 0),
(47326, '北谷町', 47, 1896, 470, 27, 0),
(47327, '北中城村', 47, 1897, 470, 28, 0),
(47328, '中城村', 47, 1898, 470, 29, 0),
(47329, '西原町', 47, 1899, 470, 30, 0),
(47340, '島尻郡', 47, 1900, 470, 31, 0),
(47343, '東風平町', 47, 1901, 470, 32, 0),
(47344, '具志頭村', 47, 1902, 470, 33, 0),
(47345, '玉城村', 47, 1903, 470, 34, 0),
(47346, '知念村', 47, 1904, 470, 35, 0),
(47347, '佐敷町', 47, 1905, 470, 36, 0),
(47348, '与那原町', 47, 1906, 470, 37, 0),
(47349, '大里村', 47, 1907, 470, 38, 0),
(47350, '南風原町', 47, 1908, 470, 39, 0),
(47353, '渡嘉敷村', 47, 1909, 470, 40, 0),
(47354, '座間味村', 47, 1910, 470, 41, 0),
(47355, '粟国村', 47, 1911, 470, 42, 0),
(47356, '渡名喜村', 47, 1912, 470, 43, 0),
(47357, '南大東村', 47, 1913, 470, 44, 0),
(47358, '北大東村', 47, 1914, 470, 45, 0),
(47359, '伊平屋村', 47, 1915, 470, 46, 0),
(47360, '伊是名村', 47, 1916, 470, 47, 0),
(47361, '久米島町', 47, 1917, 470, 48, 0),
(47370, '宮古郡', 47, 1918, 470, 49, 0),
(47371, '城辺町', 47, 1919, 470, 50, 0),
(47372, '下地町', 47, 1920, 470, 51, 0),
(47373, '上野村', 47, 1921, 470, 52, 0),
(47374, '伊良部町', 47, 1922, 470, 53, 0),
(47375, '多良間村', 47, 1923, 470, 54, 0),
(47380, '八重山郡', 47, 1924, 470, 55, 0),
(47381, '竹富町', 47, 1925, 470, 56, 0),
(47382, '与那国町', 47, 1926, 470, 57, 0),
(47383, 'うるま市', 47, 1927, 470, 58, 0),
(47384, '宮古島市', 47, 1928, 470, 59, 0),
(47385, '南城市', 47, 1929, 470, 60, 0),
(47386, '八重瀬町', 47, 1930, 470, 61, 0);

-- --------------------------------------------------------

--
-- テーブルの構造 `bookmark`
--

CREATE TABLE IF NOT EXISTS `bookmark` (
  `bookmark_id` int(9) unsigned NOT NULL,
  `user_id` int(9) unsigned NOT NULL,
  `job_id` int(9) unsigned NOT NULL,
  `ordered` int(9) unsigned DEFAULT '0',
  `creted` datetime NOT NULL DEFAULT '1000-01-01 00:00:00',
  `status` tinyint(1) unsigned NOT NULL DEFAULT '1',
  `delete_flg` tinyint(1) unsigned NOT NULL DEFAULT '0'
) ENGINE=InnoDB DEFAULT CHARSET=utf8;

-- --------------------------------------------------------

--
-- テーブルの構造 `career_adviser`
--

CREATE TABLE IF NOT EXISTS `career_adviser` (
  `career_adviser_id` int(9) unsigned NOT NULL,
  `client_id` int(9) unsigned NOT NULL,
  `name` varchar(255) NOT NULL,
  `message` varchar(255) DEFAULT NULL,
  `status` tinyint(1) unsigned NOT NULL DEFAULT '1' COMMENT '1: public\n0:private',
  `created` datetime NOT NULL DEFAULT '1000-01-01 00:00:00',
  `updated` datetime NOT NULL DEFAULT '1000-01-01 00:00:00',
  `delete_flg` tinyint(1) unsigned NOT NULL DEFAULT '0'
) ENGINE=InnoDB DEFAULT CHARSET=utf8;

-- --------------------------------------------------------

--
-- テーブルの構造 `client`
--

CREATE TABLE IF NOT EXISTS `client` (
  `client_id` int(9) unsigned NOT NULL,
  `area_id` int(9) unsigned NOT NULL,
  `display_area_id` int(9) unsigned NOT NULL,
  `account_type` tinyint(1) unsigned NOT NULL,
  `mail` varchar(255) NOT NULL,
  `password` varchar(255) NOT NULL,
  `name` varchar(255) NOT NULL,
  `display_name` varchar(255) NOT NULL,
  `department` varchar(255) NOT NULL,
  `contact_name` varchar(255) NOT NULL,
  `phone` varchar(255) NOT NULL,
  `address` varchar(255) NOT NULL,
  `display_address` varchar(255) NOT NULL,
  `zip_code` varchar(255) NOT NULL,
  `display_zip_code` varchar(255) NOT NULL,
  `discription` varchar(255) NOT NULL,
  `lisence_number` varchar(255) NOT NULL,
  `establish_date` datetime NOT NULL DEFAULT '1000-01-01 00:00:00',
  `process` varchar(255) NOT NULL COMMENT 'related to account_type\naccount_type=1:園情報：選考の流れ\naccount_type=2:紹介会社情報：紹介の流れ\n\n',
  `url` varchar(255) NOT NULL,
  `fax` varchar(255) NOT NULL,
  `created` datetime NOT NULL DEFAULT '1000-01-01 00:00:00',
  `updated` datetime NOT NULL DEFAULT '1000-01-01 00:00:00',
  `status` tinyint(1) unsigned NOT NULL DEFAULT '1',
  `delete_flg` tinyint(1) unsigned NOT NULL DEFAULT '0'
) ENGINE=InnoDB AUTO_INCREMENT=3 DEFAULT CHARSET=utf8;

--
-- テーブルのデータのダンプ `client`
--

INSERT INTO `client` (`client_id`, `area_id`, `display_area_id`, `account_type`, `mail`, `password`, `name`, `display_name`, `department`, `contact_name`, `phone`, `address`, `display_address`, `zip_code`, `display_zip_code`, `discription`, `lisence_number`, `establish_date`, `process`, `url`, `fax`, `created`, `updated`, `status`, `delete_flg`) VALUES
(1, 13104, 13104, 1, 'yuta.sasaki@icloud.com', '123456', 'ささき保育園', 'ささき保育園（表示用）', '', 'ささき園長', '080-6542-7412', '東京都新宿区西新宿', '東京都新宿区', '1600033', '', '笑顔が絶えない保育園ですホシーーーーキラッピカピカーーーーー絵文字絵文字絵文字', '', '2014-01-01 00:00:00', 'まずはお気軽にご相談ください', '', '', '2015-01-01 00:00:00', '2015-01-01 00:00:00', 0, 0),
(2, 14207, 14207, 1, 'seisaku.wildcd@gmail.com', 'neone0azarakk0!', 'SUP保育園', 'SUP保育園（表示用）', 'SUP部', 'やまやまあざらっこ園長', '03-1111-1111', '東京都新宿区西新宿', '東京都新宿区', '1600033', '', '　　 ／￣＼<br>\n　 　/;;; ´△｀)つ　おなかいたいでぶー<br>\n　　|　つ　／<br>\n　　＼　　 ＼＿__<br>\n　　　　￣￣＼／', '', '2014-01-01 00:00:00', '選考の流れを説明するよ', 'http://hoiku-staging-perfomance', '03-1111-11111(FAX)', '2015-01-01 00:00:00', '2015-01-01 00:00:00', 0, 0);

-- --------------------------------------------------------

--
-- テーブルの構造 `client_area_relation`
--

CREATE TABLE IF NOT EXISTS `client_area_relation` (
  `client_area_relation_id` int(9) unsigned NOT NULL,
  `client_id` int(9) unsigned NOT NULL,
  `area_id` int(9) unsigned NOT NULL,
  `delete_flg` tinyint(1) unsigned NOT NULL DEFAULT '0'
) ENGINE=InnoDB DEFAULT CHARSET=utf8;

-- --------------------------------------------------------

--
-- テーブルの構造 `client_plan_group_relation`
--

CREATE TABLE IF NOT EXISTS `client_plan_group_relation` (
  `client_plan_group_relation_id` int(9) unsigned NOT NULL,
  `client_id` int(9) unsigned NOT NULL,
  `plan_group_id` int(9) unsigned NOT NULL,
  `discount` int(9) unsigned NOT NULL DEFAULT '0' COMMENT 'insert discount value (yen) as positive value\n',
  `auto_extend` tinyint(1) unsigned NOT NULL DEFAULT '0' COMMENT 'true: 1false :0inherit plan_group.auto_extend',
  `expire_month` date NOT NULL DEFAULT '9999-12-31' COMMENT 'insert expire month if extend contract new record will insert',
  `created` datetime NOT NULL DEFAULT '1000-01-01 00:00:00',
  `delete_flg` tinyint(1) unsigned NOT NULL DEFAULT '0'
) ENGINE=InnoDB DEFAULT CHARSET=utf8;

-- --------------------------------------------------------

--
-- テーブルの構造 `contact`
--

CREATE TABLE IF NOT EXISTS `contact` (
  `contact_id` int(9) unsigned NOT NULL,
  `account_id` varchar(9) NOT NULL DEFAULT '',
  `type` tinyint(1) unsigned NOT NULL,
  `name` varchar(255) NOT NULL,
  `company_name` varchar(255) NOT NULL,
  `title` varchar(255) NOT NULL,
  `content` varchar(255) NOT NULL,
  `email` varchar(255) NOT NULL,
  `status` tinyint(1) unsigned NOT NULL DEFAULT '1',
  `created` datetime NOT NULL DEFAULT '1000-01-01 00:00:00',
  `updated` datetime NOT NULL DEFAULT '1000-01-01 00:00:00',
  `delete_flg` tinyint(1) unsigned NOT NULL DEFAULT '0'
) ENGINE=InnoDB AUTO_INCREMENT=86 DEFAULT CHARSET=utf8;

--
-- テーブルのデータのダンプ `contact`
--

INSERT INTO `contact` (`contact_id`, `account_id`, `type`, `name`, `company_name`, `title`, `content`, `email`, `status`, `created`, `updated`, `delete_flg`) VALUES
(25, '', 2, 'Thanh', '', 'Test title', 'test content', 'thanhpv@evolableasia.vn', 0, '2015-04-15 16:20:44', '2015-04-15 16:20:44', 0),
(27, '', 3, 'businessoffer name', 'businessoffer company name', '', 'hello test - content', 'businessoffer@emailtest.dev', 0, '2015-04-15 16:59:07', '2015-04-15 16:59:07', 0),
(35, '', 3, 'company name', 'contact name', '', 'the message ', 'businessoffer@emailtest.dev', 0, '2015-04-15 17:24:52', '2015-04-15 17:24:52', 0),
(36, '', 3, 'company name', 'contact name', '', 'the message ', 'businessoffer@emailtest.dev', 0, '2015-04-15 17:25:06', '2015-04-15 17:25:06', 0),
(42, '', 3, 'Thanh', 'contact name', '', 'this is text', 'thanhpv@evolableasia.vn', 0, '2015-04-15 18:27:54', '2015-04-15 18:27:54', 0),
(46, '', 3, 'Thanh', 'contact name', '', 'this is a text', 'thanhpv@vietta.vn', 0, '2015-04-15 18:37:59', '2015-04-15 18:37:59', 0),
(47, '', 2, 'Thanh', '', 'The title', 'The content', 'thanhpv@vietta.vn', 0, '2015-04-15 18:40:25', '2015-04-15 18:40:25', 0),
(48, '', 0, 'Thanh', '', 'Test send email with content', 'this is a content', 'thanhpv@vietta.vn', 0, '2015-04-16 10:34:55', '2015-04-16 10:34:55', 0),
(49, '', 0, 'Thanh', '', 'test pass content in email', 'this is a text sample in the content ', 'thanhpv@vietta.vn', 0, '2015-04-16 10:39:59', '2015-04-16 10:39:59', 0),
(50, '', 0, 'Aya Saitou', '', 'The title test in Fine 3', 'Here is the text in the content field', 'aya.saito@neo-career.co.jp', 0, '2015-04-16 10:43:26', '2015-04-16 10:43:26', 0),
(51, '', 0, '斎藤', '', 'テスト', 'テストだよ内容', 'ayak826@gmail.com', 0, '2015-04-16 10:47:22', '2015-04-16 10:47:22', 0),
(52, '', 0, 'さいとう', '', 'さいとう', 'さいとうテスト', 'ayak826@gmail.com', 0, '2015-04-16 11:20:03', '2015-04-16 11:20:03', 0),
(53, '', 0, 'さいとう', '', 'さいとう', 'さいとうテスト', 'ayak826@gmail.com', 0, '2015-04-16 11:21:31', '2015-04-16 11:21:31', 0),
(54, '', 0, 'さいとう', '', 'さいとう', 'さいとうテスト', 'ayak826@gmail.com', 0, '2015-04-16 11:22:45', '2015-04-16 11:22:45', 0),
(55, '', 0, 'さいとう', '', 'さいとう', 'シアトウ', 'ayak826@gmail.com', 0, '2015-04-16 11:24:27', '2015-04-16 11:24:27', 0),
(56, '', 0, 'さいとう', '', 'さいとう', 'シアトウ', 'ayak826@gmail.com', 0, '2015-04-16 11:28:07', '2015-04-16 11:28:07', 0),
(57, '', 0, 'さいとう', '', 'さいとう', 'シアトウ', 'ayak826@gmail.com', 0, '2015-04-16 11:34:57', '2015-04-16 11:34:57', 0),
(58, '', 0, 'さいとう', '', 'さいとう', 'シアトウ', 'ayak826@gmail.com', 0, '2015-04-16 11:39:01', '2015-04-16 11:39:01', 0),
(67, '', 0, 'company name', 'contact name', '', 'test content', 'thanhpv@evolableasia.vn', 0, '2015-04-16 12:18:12', '2015-04-16 12:18:12', 0),
(68, '', 0, 'Thanh', '', 'The title', 'test content', 'thanhpv@vietta.vn', 0, '2015-04-16 12:18:42', '2015-04-16 12:18:42', 0),
(69, '', 0, 'Thanh', '', 'test email template ', 'test email template ', 'thanhpv@vietta.vn', 0, '2015-04-16 12:20:39', '2015-04-16 12:20:39', 0),
(70, '', 0, 'Aya Saitou', '', 'This is a text from the title', 'This is a text from the content', 'aya.saito@neo-career.co.jp', 0, '2015-04-16 12:21:47', '2015-04-16 12:21:47', 0),
(71, '', 0, 'Thanh', '', 'This is a text from the title', 'This is a text from the content', 'thanhpv@vietta.vn', 0, '2015-04-16 12:23:31', '2015-04-16 12:23:31', 0),
(72, '', 0, 'Thanh', '', 'This is a text from the title', 'This is a text from the content. this is test for admin email', 'thanhpv@vietta.vn', 0, '2015-04-16 12:27:54', '2015-04-16 12:27:54', 0),
(73, '', 0, 'さいとう', '', 'Client-FINE3.0', 'awsedrftgyhujikolpあゔぁあゔぁゔぁゔぁゔぁv', 'ayak826@gmail.com', 0, '2015-04-16 12:33:53', '2015-04-16 12:33:53', 0),
(74, '', 0, 'Thanh', '', 'Teset', '！携帯電話のメールアドレスを入力の際は「@hoikuhirobanavi.com」のドメインを「受信許可」に設定してくだ', 'thanhpv@vietta.vn', 0, '2015-04-16 12:56:29', '2015-04-16 12:56:29', 0),
(75, '', 0, 'さいとう', '', 'さいとう', 'zxcvbんすぇdrftgyふじこlpじゃじゃじゃじゃ', 'ayak826@gmail.com', 0, '2015-04-16 12:57:33', '2015-04-16 12:57:33', 0),
(76, '', 0, 'さいとう', '', 'さいとう', 'kakakakaka', 'ayak826@gmail.com', 0, '2015-04-16 13:00:32', '2015-04-16 13:00:32', 0),
(77, '', 0, 'Thanh', '', 'The title', 'test break line', 'thanhpv@vietta.vn', 0, '2015-04-16 13:00:34', '2015-04-16 13:00:34', 0),
(78, '', 0, 'さいとう', '', 'さいとう', 'かかかかかk', 'ayak826@gmail.com', 0, '2015-04-16 13:01:25', '2015-04-16 13:01:25', 0),
(79, '', 0, 'さいとう', '', 'さいとう', 'かかかかかk', 'ayak826@gmail.com', 0, '2015-04-16 13:01:57', '2015-04-16 13:01:57', 0),
(80, '', 0, 'Thanh', '', 'The title', '携帯電話のメールアドレスを入力の際は「@hoikuhirobanavi.com」のドメインを「受信許可」に設定してください。', 'thanhpv@vietta.vn', 0, '2015-04-16 13:02:09', '2015-04-16 13:02:09', 0),
(81, '', 0, 'Thanh', '', 'test', '携帯電話のメールアドレスを入力の際は「@hoikuhirobanavi.com」のドメインを「受信許可」に設定してください。', 'thanhpv@vietta.vn', 0, '2015-04-16 13:03:00', '2015-04-16 13:03:00', 0),
(82, '', 0, 'Thanh', '', 'The title', '携帯電話のメールアドレスを入力の際は', 'thanhpv@vietta.vn', 0, '2015-04-16 13:03:54', '2015-04-16 13:03:54', 0),
(83, '', 0, 'さいとう', '', 'さいとう', 'かかかかかk', 'ayak826@gmail.com', 0, '2015-04-16 13:03:54', '2015-04-16 13:03:54', 0),
(84, '', 0, 'Aya Saitou', '', 'The title', 'Here sent from contact form \r\nsample message:\r\n携帯電話のメールアドレスを入力の際は', 'aya.saito@neo-career.co.jp', 0, '2015-04-16 13:06:15', '2015-04-16 13:06:15', 0),
(85, '', 0, 'さいとう', '', 'さいとう', 'zxcvbんすぇdrftgyふじこlpじゃじゃじゃじゃ', 'ayak826@gmail.com', 0, '2015-04-16 13:07:45', '2015-04-16 13:07:45', 0);

-- --------------------------------------------------------

--
-- テーブルの構造 `image`
--

CREATE TABLE IF NOT EXISTS `image` (
  `image_id` int(9) unsigned NOT NULL,
  `account_id` int(9) unsigned NOT NULL COMMENT 'job_id,nursery_id,career_adviser_id, or client_id',
  `name` varchar(255) NOT NULL,
  `type` tinyint(1) unsigned NOT NULL DEFAULT '0',
  `ordered` int(9) unsigned NOT NULL DEFAULT '0',
  `created` datetime NOT NULL DEFAULT '1000-01-01 00:00:00',
  `delete_flg` tinyint(1) unsigned NOT NULL DEFAULT '0'
) ENGINE=InnoDB DEFAULT CHARSET=utf8;

-- --------------------------------------------------------

--
-- テーブルの構造 `job`
--

CREATE TABLE IF NOT EXISTS `job` (
  `job_id` int(9) unsigned NOT NULL,
  `nursery_id` int(9) unsigned NOT NULL,
  `own_job_id` varchar(255) NOT NULL COMMENT 'this is internal id that client use.',
  `title` varchar(255) NOT NULL,
  `description` varchar(255) NOT NULL,
  `bonus` varchar(255) NOT NULL,
  `worktime` varchar(255) NOT NULL,
  `holiday` varchar(255) NOT NULL,
  `expired` datetime NOT NULL DEFAULT '9999-12-31 23:59:59',
  `salary` varchar(255) NOT NULL,
  `employees` int(9) unsigned NOT NULL,
  `requirement` varchar(255) NOT NULL,
  `pr` varchar(255) NOT NULL,
  `status` tinyint(1) unsigned NOT NULL DEFAULT '1',
  `ordered` int(9) unsigned NOT NULL,
  `created` datetime NOT NULL DEFAULT '1000-01-01 00:00:00',
  `updated` datetime NOT NULL DEFAULT '1000-01-01 00:00:00',
  `delete_flg` tinyint(1) unsigned NOT NULL DEFAULT '0'
) ENGINE=InnoDB AUTO_INCREMENT=4 DEFAULT CHARSET=utf8;

--
-- テーブルのデータのダンプ `job`
--

INSERT INTO `job` (`job_id`, `nursery_id`, `own_job_id`, `title`, `description`, `bonus`, `worktime`, `holiday`, `expired`, `salary`, `employees`, `requirement`, `pr`, `status`, `ordered`, `created`, `updated`, `delete_flg`) VALUES
(1, 1, 'NC000922-2', 'グッとくるタイプの保育士さん募集！', 'コーヒーくさい職場です！子供のような大人がたくさん働いています！', 'なんと100万円！', '起きてから寝るまで！', '', '9999-12-31 23:59:59', '年収300万円', 20, 'がんばってね', 'すごいいいところだよ！PRね！', 1, 1, '1000-01-01 00:00:00', '1000-01-01 00:00:00', 0),
(2, 2, '（先方の求人票の管理番号）', 'ズバッとくるタイプの保育士さん募集！', '海くさい職場です！子供のような大人がたくさん働いています！', 'なんと1000万円！', '寝てるだけ！', '完全週休二日', '9999-12-31 23:59:59', '年収3000万円', 200, 'がんばってね', 'すごいいいところだよ！PRね！', 1, 1, '1000-01-01 00:00:00', '1000-01-01 00:00:00', 0),
(3, 2, '（先方の求人票の管理番号）', 'ドカ！とくるタイプの保育士さん募集！', '陸くさい職場です！大人のような子供がたくさん働いています！', 'なんと1万円！', '寝てるだけ！', '完全週休二日', '9999-12-31 23:59:59', '年収30万円', 2000, '適当に', 'PR！', 1, 1, '1000-01-01 00:00:00', '1000-01-01 00:00:00', 0);

-- --------------------------------------------------------

--
-- テーブルの構造 `nursery`
--

CREATE TABLE IF NOT EXISTS `nursery` (
  `nursery_id` int(9) unsigned NOT NULL,
  `client_id` int(9) unsigned NOT NULL,
  `own_nursery_id` varchar(255) NOT NULL COMMENT 'nursery_id for client own',
  `name` varchar(255) NOT NULL,
  `area_id` int(9) unsigned NOT NULL,
  `address` varchar(255) NOT NULL,
  `capacity` int(9) unsigned NOT NULL,
  `url` varchar(255) NOT NULL,
  `station_name` varchar(255) NOT NULL,
  `direction` varchar(255) NOT NULL,
  `pr` varchar(255) NOT NULL,
  `description` varchar(255) NOT NULL,
  `status` tinyint(1) unsigned NOT NULL DEFAULT '1',
  `ordered` int(9) unsigned NOT NULL,
  `created` datetime NOT NULL DEFAULT '1000-01-01 00:00:00',
  `updated` datetime NOT NULL DEFAULT '1000-01-01 00:00:00',
  `delete_flg` tinyint(1) unsigned NOT NULL DEFAULT '0'
) ENGINE=InnoDB AUTO_INCREMENT=3 DEFAULT CHARSET=utf8;

--
-- テーブルのデータのダンプ `nursery`
--

INSERT INTO `nursery` (`nursery_id`, `client_id`, `own_nursery_id`, `name`, `area_id`, `address`, `capacity`, `url`, `station_name`, `direction`, `pr`, `description`, `status`, `ordered`, `created`, `updated`, `delete_flg`) VALUES
(1, 1, 'NC000922', 'ささき保育園ほし', 13102, '東京都新宿区西新宿1-22-2', 500, 'http://はむれっつ.com', '新宿駅', '徒歩10分', 'PRだよ！', '', 1, 1, '1000-01-01 00:00:00', '1000-01-01 00:00:00', 0),
(2, 2, '(先方の管理番号)', 'SUP保育園(現場)', 14207, '東京都新宿区西新宿1-22-2', 100000, 'http://hoiku-staging-japan.fine.me', '新宿駅', '徒歩10分', 'PRだよ！', '', 1, 1, '1000-01-01 00:00:00', '1000-01-01 00:00:00', 0);

-- --------------------------------------------------------

--
-- テーブルの構造 `plan`
--

CREATE TABLE IF NOT EXISTS `plan` (
  `plan_id` int(10) unsigned NOT NULL,
  `plan_name` varchar(255) NOT NULL,
  `discription` varchar(255) NOT NULL,
  `price` int(10) unsigned NOT NULL DEFAULT '0' COMMENT 'contract plan item\n',
  `limit_num` int(10) unsigned NOT NULL COMMENT 'count about limit ',
  `limit_type` varchar(255) NOT NULL COMMENT 'category about limit '
) ENGINE=InnoDB AUTO_INCREMENT=7 DEFAULT CHARSET=utf8;

--
-- テーブルのデータのダンプ `plan`
--

INSERT INTO `plan` (`plan_id`, `plan_name`, `discription`, `price`, `limit_num`, `limit_type`) VALUES
(1, '掲載課金プレミアム', '求人を10件まで掲載することができます。', 50000, 10, '0'),
(2, 'スカウトメール30通', 'スカウトメールを30通まで送信できます。', 30000, 30, '1'),
(3, 'オススメ求人表示', '1つの求人にオススメマークを表示し、検索結果の上位にくるようにします。', 5000, 1, '2'),
(4, 'バナー掲載（サイズ大）', 'トップページにバナー画像を設置します。クリックするとご指定のページにリンクします。サイズ：10*20', 5000, 1, '3'),
(5, 'テキストリンク', 'トップページにテキストを設置します。クリックするとご指定のページにリンクします。文字数制限：1~20文字', 1000, 1, '4'),
(6, '応募課金', '応募者1人ごとのご請求になります。求人はいくつでも掲載していただけます。', 20000, 1, '5');

-- --------------------------------------------------------

--
-- テーブルの構造 `plan_group`
--

CREATE TABLE IF NOT EXISTS `plan_group` (
  `plan_group_id` int(9) unsigned NOT NULL,
  `name` varchar(255) NOT NULL DEFAULT '',
  `period` int(9) unsigned NOT NULL DEFAULT '0' COMMENT 'MONTH\n',
  `auto_extend_flg` tinyint(1) unsigned NOT NULL DEFAULT '1' COMMENT '1:true\n0:false\n',
  `delete_flg` tinyint(1) unsigned NOT NULL DEFAULT '0' COMMENT 'this is a packaged plan record\n'
) ENGINE=InnoDB DEFAULT CHARSET=utf8;

-- --------------------------------------------------------

--
-- テーブルの構造 `plan_group_relation`
--

CREATE TABLE IF NOT EXISTS `plan_group_relation` (
  `plan_group_relation_id` int(10) unsigned NOT NULL,
  `plan_group_id` int(10) unsigned NOT NULL,
  `plan_id` int(10) unsigned NOT NULL
) ENGINE=InnoDB DEFAULT CHARSET=utf8;

-- --------------------------------------------------------

--
-- テーブルの構造 `scout`
--

CREATE TABLE IF NOT EXISTS `scout` (
  `scout_id` int(9) unsigned NOT NULL,
  `user_id` int(9) unsigned NOT NULL,
  `template_id` int(9) unsigned NOT NULL,
  `created` datetime NOT NULL DEFAULT '1000-01-01 00:00:00'
) ENGINE=InnoDB DEFAULT CHARSET=utf8;

-- --------------------------------------------------------

--
-- テーブルの構造 `send_job`
--

CREATE TABLE IF NOT EXISTS `send_job` (
  `send_job_id` int(9) unsigned NOT NULL,
  `secret` varchar(255) NOT NULL,
  `user_id` int(9) NOT NULL DEFAULT '0',
  `job_id` int(9) NOT NULL DEFAULT '0',
  `click_count` int(9) unsigned NOT NULL DEFAULT '0' COMMENT 'count how user clicked this job',
  `create` datetime NOT NULL DEFAULT '1000-01-01 00:00:00',
  `send` datetime NOT NULL DEFAULT '1000-01-01 00:00:00',
  `expired` datetime NOT NULL DEFAULT '9999-12-31 23:59:59' COMMENT 'over this date, expires login function\n',
  `first_access` datetime NOT NULL DEFAULT '1000-01-01 00:00:00',
  `send_status` tinyint(1) unsigned NOT NULL DEFAULT '0' COMMENT '0: it is not send yet\n1: already send\n2: sending in progress',
  `delete_flg` tinyint(1) unsigned NOT NULL DEFAULT '0' COMMENT '0: could redirect to job\n1: could not redirect to job, redirect to top'
) ENGINE=InnoDB DEFAULT CHARSET=utf8;

-- --------------------------------------------------------

--
-- テーブルの構造 `tag`
--

CREATE TABLE IF NOT EXISTS `tag` (
  `tag_id` int(9) unsigned NOT NULL,
  `tag_group_id` int(9) unsigned NOT NULL,
  `name` varchar(255) NOT NULL,
  `description` varchar(255) NOT NULL,
  `ordered` int(9) unsigned NOT NULL,
  `delete_flg` tinyint(1) unsigned NOT NULL DEFAULT '0'
) ENGINE=InnoDB AUTO_INCREMENT=85 DEFAULT CHARSET=utf8;

--
-- テーブルのデータのダンプ `tag`
--

INSERT INTO `tag` (`tag_id`, `tag_group_id`, `name`, `description`, `ordered`, `delete_flg`) VALUES
(1, 1, '保育園', '施設形態', 1, 0),
(2, 1, '幼稚園', '施設形態', 2, 0),
(3, 1, '学童', '施設形態', 3, 0),
(4, 1, '事業所内保育所', '施設形態', 4, 0),
(5, 1, '院内保育', '施設形態', 5, 0),
(6, 1, 'こども園', '施設形態', 6, 0),
(7, 1, '病後児保育室', '施設形態', 7, 0),
(8, 1, '子育てひろば', '施設形態', 8, 0),
(9, 1, '託児所', '施設形態', 9, 0),
(10, 1, 'ベビーホテル', '施設形態', 10, 0),
(11, 1, 'イベント', '施設形態', 11, 0),
(12, 2, '保育士', '職種', 1, 0),
(13, 2, '幼稚園教諭', '職種', 2, 0),
(14, 2, '栄養士', '職種', 3, 0),
(15, 2, '調理師', '職種', 4, 0),
(16, 2, '看護師', '職種', 5, 0),
(17, 2, '学童', '職種', 6, 0),
(18, 2, 'その他', '職種', 7, 0),
(19, 3, '正社員', '雇用形態', 1, 0),
(20, 3, 'パート・アルバイト', '雇用形態', 2, 0),
(21, 3, '契約社員', '雇用形態', 3, 0),
(22, 3, '派遣', '雇用形態', 4, 0),
(23, 3, '紹介予定派遣', '雇用形態', 5, 0),
(24, 4, '保育士', '資格', 1, 0),
(25, 4, '幼稚園教諭Ⅰ種', '資格', 2, 0),
(26, 4, '幼稚園教諭Ⅱ種', '資格', 3, 0),
(27, 4, '管理栄養士', '資格', 4, 0),
(28, 4, '栄養士', '資格', 5, 0),
(29, 4, '調理師', '資格', 6, 0),
(30, 4, '看護師', '資格', 7, 0),
(31, 4, '准看護師', '資格', 8, 0),
(32, 4, 'チャイルドマインダー', '資格', 9, 0),
(33, 4, 'ベビーシッター', '資格', 10, 0),
(34, 4, '無資格', '資格', 11, 0),
(35, 5, '寮・社宅あり', '求人こだわり条件', 1, 0),
(36, 5, '住宅手当あり', '求人こだわり条件', 2, 0),
(37, 5, '退職金制度あり', '求人こだわり条件', 3, 0),
(38, 5, '交通費支給', '求人こだわり条件', 4, 0),
(39, 5, '社会保険完備', '求人こだわり条件', 5, 0),
(40, 5, '育休・産休あり', '求人こだわり条件', 6, 0),
(41, 5, '研修充実', '求人こだわり条件', 7, 0),
(42, 5, '夜勤手当あり', '求人こだわり条件', 8, 0),
(43, 5, '引越し支援あり', '求人こだわり条件', 9, 0),
(44, 5, '新卒求人', '求人こだわり条件', 10, 0),
(45, 5, 'オープニング求人', '求人こだわり条件', 11, 0),
(46, 5, '園長求人', '求人こだわり条件', 12, 0),
(47, 5, '主任求人', '求人こだわり条件', 13, 0),
(48, 5, '経験者歓迎', '求人こだわり条件', 14, 0),
(49, 5, '未経験者歓迎', '求人こだわり条件', 15, 0),
(50, 5, 'ブランク歓迎', '求人こだわり条件', 16, 0),
(51, 5, '英語話せる人歓迎', '求人こだわり条件', 17, 0),
(52, 5, '年齢不問', '求人こだわり条件', 18, 0),
(53, 5, '無資格ＯＫ', '求人こだわり条件', 19, 0),
(54, 5, '車・バイク通勤ＯＫ', '求人こだわり条件', 20, 0),
(55, 5, '服装・髪型自由', '求人こだわり条件', 21, 0),
(56, 5, '残業なし（少なめ）', '求人こだわり条件', 22, 0),
(57, 5, '土日祝休み', '求人こだわり条件', 23, 0),
(58, 5, '土日祝のみＯＫ', '求人こだわり条件', 24, 0),
(59, 5, '完全週休2日', '求人こだわり条件', 25, 0),
(60, 5, '週2〜3勤務ＯＫ', '求人こだわり条件', 26, 0),
(61, 5, '短時間勤務ＯＫ', '求人こだわり条件', 27, 0),
(62, 5, '固定時間勤務ＯＫ', '求人こだわり条件', 28, 0),
(63, 5, '遅番勤務', '求人こだわり条件', 29, 0),
(64, 5, '早番勤務', '求人こだわり条件', 30, 0),
(65, 5, 'ゴールデンタイム勤務：9-15時', '求人こだわり条件', 31, 0),
(66, 5, '園長募集', '求人こだわり条件', 32, 0),
(67, 5, '主任募集', '求人こだわり条件', 33, 0),
(68, 6, 'ママさん保育士多め', '園こだわり条件', 1, 0),
(69, 6, '男性スタッフ在籍', '園こだわり条件', 2, 0),
(70, 6, 'アットホーム、小規模園', '園こだわり条件', 3, 0),
(71, 6, '駅チカ', '園こだわり条件', 4, 0),
(72, 6, '綺麗な職場', '園こだわり条件', 5, 0),
(73, 6, 'のびのび保育', '園こだわり条件', 6, 0),
(74, 6, '園庭あり', '園こだわり条件', 7, 0),
(75, 6, 'モンテッソーリ教育', '園こだわり条件', 8, 0),
(76, 6, '病後児保育', '園こだわり条件', 9, 0),
(77, 6, 'グローバル', '園こだわり条件', 10, 0),
(78, 6, '家庭的保育', '園こだわり条件', 11, 0),
(79, 6, '産休育休復帰実績有', '園こだわり条件', 12, 0),
(80, 6, '有給消化率高', '園こだわり条件', 13, 0),
(81, 7, '労災保険', '社会保険', 1, 0),
(82, 7, '雇用保険', '社会保険', 2, 0),
(83, 7, '厚生年金', '社会保険', 3, 0),
(84, 7, '健康保険', '社会保険', 4, 0);

-- --------------------------------------------------------

--
-- テーブルの構造 `tag_group`
--

CREATE TABLE IF NOT EXISTS `tag_group` (
  `tag_group_id` int(9) unsigned NOT NULL,
  `name` varchar(255) NOT NULL,
  `description` varchar(255) NOT NULL,
  `ordered` int(9) unsigned NOT NULL,
  `delete_flg` int(9) unsigned NOT NULL DEFAULT '0'
) ENGINE=InnoDB AUTO_INCREMENT=8 DEFAULT CHARSET=utf8;

--
-- テーブルのデータのダンプ `tag_group`
--

INSERT INTO `tag_group` (`tag_group_id`, `name`, `description`, `ordered`, `delete_flg`) VALUES
(1, '施設形態', 'type_nursery', 1, 0),
(2, '職種', 'type_job', 2, 0),
(3, '雇用形態', 'type_employ', 3, 0),
(4, '資格', 'tag_lisence', 4, 0),
(5, '求人こだわり条件', 'tag_job', 5, 0),
(6, '園こだわり条件', 'tag_nursery', 6, 0),
(7, '社会保険', 'insurance_tag', 7, 0);

-- --------------------------------------------------------

--
-- テーブルの構造 `tag_relation`
--

CREATE TABLE IF NOT EXISTS `tag_relation` (
  `tag_relation_id` int(9) unsigned NOT NULL,
  `tag_id` int(9) unsigned NOT NULL,
  `account_id` int(9) unsigned NOT NULL,
  `type` tinyint(2) unsigned NOT NULL DEFAULT '0',
  `created` datetime NOT NULL DEFAULT '1000-01-01 00:00:00',
  `delete_flg` tinyint(1) unsigned NOT NULL DEFAULT '0'
) ENGINE=InnoDB AUTO_INCREMENT=306 DEFAULT CHARSET=utf8;

--
-- テーブルのデータのダンプ `tag_relation`
--

INSERT INTO `tag_relation` (`tag_relation_id`, `tag_id`, `account_id`, `type`, `created`, `delete_flg`) VALUES
(1, 12, 1, 1, '2015-04-15 14:20:50', 0),
(2, 12, 2, 1, '2015-04-15 14:20:57', 0),
(3, 12, 3, 1, '2015-04-15 14:36:53', 0),
(73, 20, 52, 0, '2015-04-16 15:22:19', 0),
(74, 25, 52, 0, '2015-04-16 15:22:19', 0),
(75, 20, 53, 0, '2015-04-16 15:24:03', 0),
(76, 25, 53, 0, '2015-04-16 15:24:03', 0),
(77, 29, 53, 0, '2015-04-16 15:24:03', 0),
(78, 20, 54, 0, '2015-04-16 16:01:03', 0),
(79, 25, 54, 0, '2015-04-16 16:01:03', 0),
(80, 29, 54, 0, '2015-04-16 16:01:03', 0),
(81, 20, 55, 0, '2015-04-16 16:03:13', 0),
(82, 25, 55, 0, '2015-04-16 16:03:13', 0),
(83, 20, 56, 0, '2015-04-16 16:11:12', 0),
(84, 25, 56, 0, '2015-04-16 16:11:12', 0),
(85, 29, 56, 0, '2015-04-16 16:11:12', 0),
(86, 22, 57, 0, '2015-04-16 16:21:31', 0),
(87, 25, 57, 0, '2015-04-16 16:21:31', 0),
(88, 29, 57, 0, '2015-04-16 16:21:31', 0),
(89, 30, 57, 0, '2015-04-16 16:21:31', 0),
(90, 19, 58, 0, '2015-04-16 16:29:12', 0),
(91, 25, 58, 0, '2015-04-16 16:29:12', 0),
(92, 20, 59, 0, '2015-04-16 16:46:50', 0),
(93, 25, 59, 0, '2015-04-16 16:46:50', 0),
(94, 20, 60, 0, '2015-04-16 17:06:25', 0),
(95, 25, 60, 0, '2015-04-16 17:06:25', 0),
(96, 29, 60, 0, '2015-04-16 17:06:25', 0),
(99, 19, 62, 0, '2015-04-16 17:19:32', 0),
(100, 24, 62, 0, '2015-04-16 17:19:32', 0),
(101, 19, 63, 0, '2015-04-16 17:49:55', 0),
(102, 25, 63, 0, '2015-04-16 17:49:55', 0),
(103, 29, 63, 0, '2015-04-16 17:49:55', 0),
(104, 33, 63, 0, '2015-04-16 17:49:55', 0),
(105, 20, 64, 0, '2015-04-16 18:27:24', 0),
(106, 25, 64, 0, '2015-04-16 18:27:24', 0),
(107, 29, 64, 0, '2015-04-16 18:27:24', 0),
(108, 19, 68, 0, '2015-04-16 18:56:00', 0),
(109, 24, 68, 0, '2015-04-16 18:56:00', 0),
(110, 19, 69, 0, '2015-04-16 18:56:01', 0),
(111, 25, 69, 0, '2015-04-16 18:56:01', 0),
(112, 20, 70, 0, '2015-04-16 18:57:55', 0),
(113, 24, 70, 0, '2015-04-16 18:57:55', 0),
(114, 19, 71, 0, '2015-04-16 19:22:31', 0),
(115, 25, 71, 0, '2015-04-16 19:22:31', 0),
(116, 29, 71, 0, '2015-04-16 19:22:31', 0),
(117, 20, 72, 0, '2015-04-17 09:58:53', 0),
(118, 25, 72, 0, '2015-04-17 09:58:53', 0),
(119, 29, 72, 0, '2015-04-17 09:58:53', 0),
(120, 33, 72, 0, '2015-04-17 09:58:53', 0),
(157, 25, 1, 0, '2015-03-31 00:00:00', 0),
(158, 25, 1, 0, '2015-03-31 00:00:00', 0),
(159, 25, 1, 0, '2015-03-31 00:00:00', 0),
(167, 6, 1, 0, '1000-01-01 00:00:00', 0),
(168, 6, 1, 0, '1000-01-01 00:00:00', 0),
(169, 6, 1, 0, '1000-01-01 00:00:00', 0),
(170, 6, 1, 0, '1000-01-01 00:00:00', 0),
(171, 6, 1, 0, '1000-01-01 00:00:00', 0),
(174, 6, 1, 0, '1000-01-01 00:00:00', 0),
(177, 6, 1, 0, '1000-01-01 00:00:00', 0),
(182, 6, 1, 0, '1000-01-01 00:00:00', 0),
(194, 2, 1, 0, '2015-04-17 10:50:10', 0),
(195, 2, 1, 0, '2015-04-17 10:50:10', 0),
(196, 19, 85, 0, '2015-04-17 10:53:59', 0),
(197, 25, 85, 0, '2015-04-17 10:53:59', 0),
(198, 20, 86, 0, '2015-04-17 10:54:36', 0),
(199, 25, 86, 0, '2015-04-17 10:54:36', 0),
(200, 29, 86, 0, '2015-04-17 10:54:36', 0),
(201, 33, 86, 0, '2015-04-17 10:54:36', 0),
(202, 19, 87, 0, '2015-04-17 10:55:04', 0),
(203, 25, 87, 0, '2015-04-17 10:55:04', 0),
(204, 29, 87, 0, '2015-04-17 10:55:04', 0),
(205, 33, 87, 0, '2015-04-17 10:55:04', 0),
(206, 21, 88, 0, '2015-04-17 10:55:25', 0),
(207, 25, 88, 0, '2015-04-17 10:55:25', 0),
(208, 26, 88, 0, '2015-04-17 10:55:25', 0),
(209, 27, 88, 0, '2015-04-17 10:55:25', 0),
(210, 32, 88, 0, '2015-04-17 10:55:25', 0),
(211, 33, 88, 0, '2015-04-17 10:55:25', 0),
(212, 19, 89, 0, '2015-04-17 10:57:15', 0),
(213, 25, 89, 0, '2015-04-17 10:57:15', 0),
(214, 19, 90, 0, '2015-04-17 10:58:51', 0),
(215, 25, 90, 0, '2015-04-17 10:58:51', 0),
(216, 29, 90, 0, '2015-04-17 10:58:51', 0),
(217, 20, 91, 0, '2015-04-17 11:04:14', 0),
(218, 24, 91, 0, '2015-04-17 11:04:14', 0),
(219, 32, 91, 0, '2015-04-17 11:04:14', 0),
(220, 19, 92, 0, '2015-04-17 11:15:29', 0),
(221, 24, 92, 0, '2015-04-17 11:15:29', 0),
(222, 25, 92, 0, '2015-04-17 11:15:29', 0),
(223, 19, 93, 0, '2015-04-17 11:19:26', 0),
(224, 25, 93, 0, '2015-04-17 11:19:26', 0),
(225, 19, 94, 0, '2015-04-17 11:34:30', 0),
(226, 24, 94, 0, '2015-04-17 11:34:30', 0),
(227, 25, 94, 0, '2015-04-17 11:34:30', 0),
(228, 19, 95, 0, '2015-04-17 11:49:58', 0),
(229, 24, 95, 0, '2015-04-17 11:49:58', 0),
(230, 25, 95, 0, '2015-04-17 11:49:58', 0),
(231, 20, 96, 0, '2015-04-17 11:54:33', 0),
(232, 24, 96, 0, '2015-04-17 11:54:33', 0),
(233, 21, 97, 0, '2015-04-17 12:06:32', 0),
(234, 25, 97, 0, '2015-04-17 12:06:32', 0),
(235, 27, 97, 0, '2015-04-17 12:06:32', 0),
(236, 29, 97, 0, '2015-04-17 12:06:32', 0),
(237, 31, 97, 0, '2015-04-17 12:06:32', 0),
(238, 32, 97, 0, '2015-04-17 12:06:32', 0),
(239, 19, 98, 0, '2015-04-17 12:12:30', 0),
(240, 25, 98, 0, '2015-04-17 12:12:30', 0),
(241, 29, 98, 0, '2015-04-17 12:12:30', 0),
(242, 33, 98, 0, '2015-04-17 12:12:30', 0),
(243, 20, 99, 0, '2015-04-17 12:13:51', 0),
(244, 24, 99, 0, '2015-04-17 12:13:51', 0),
(245, 25, 99, 0, '2015-04-17 12:13:51', 0),
(246, 29, 99, 0, '2015-04-17 12:13:51', 0),
(247, 33, 99, 0, '2015-04-17 12:13:51', 0),
(248, 20, 100, 0, '2015-04-17 12:15:31', 0),
(249, 24, 100, 0, '2015-04-17 12:15:31', 0),
(250, 27, 100, 0, '2015-04-17 12:15:31', 0),
(251, 28, 100, 0, '2015-04-17 12:15:31', 0),
(252, 30, 100, 0, '2015-04-17 12:15:31', 0),
(253, 33, 100, 0, '2015-04-17 12:15:31', 0),
(254, 20, 101, 0, '2015-04-17 12:38:56', 0),
(255, 24, 101, 0, '2015-04-17 12:38:56', 0),
(256, 19, 102, 0, '2015-04-17 12:38:59', 0),
(257, 25, 102, 0, '2015-04-17 12:38:59', 0),
(258, 20, 103, 0, '2015-04-17 13:10:02', 0),
(259, 24, 103, 0, '2015-04-17 13:10:02', 0),
(260, 25, 103, 0, '2015-04-17 13:10:02', 0),
(261, 19, 104, 0, '2015-04-17 13:15:07', 0),
(262, 25, 104, 0, '2015-04-17 13:15:07', 0),
(263, 20, 105, 0, '2015-04-17 13:17:47', 0),
(264, 25, 105, 0, '2015-04-17 13:17:47', 0),
(265, 29, 105, 0, '2015-04-17 13:17:47', 0),
(266, 20, 106, 0, '2015-04-17 13:21:05', 0),
(267, 25, 106, 0, '2015-04-17 13:21:05', 0),
(268, 29, 106, 0, '2015-04-17 13:21:05', 0),
(269, 33, 106, 0, '2015-04-17 13:21:05', 0),
(270, 19, 107, 0, '2015-04-17 15:01:29', 0),
(271, 24, 107, 0, '2015-04-17 15:01:29', 0),
(272, 25, 107, 0, '2015-04-17 15:01:29', 0),
(273, 28, 107, 0, '2015-04-17 15:01:29', 0),
(274, 19, 108, 0, '2015-04-17 15:41:19', 0),
(275, 34, 108, 0, '2015-04-17 15:41:19', 0),
(276, 19, 109, 0, '2015-04-17 16:05:59', 0),
(277, 24, 109, 0, '2015-04-17 16:05:59', 0),
(278, 25, 109, 0, '2015-04-17 16:05:59', 0),
(279, 19, 110, 0, '2015-04-17 16:08:34', 0),
(280, 24, 110, 0, '2015-04-17 16:08:34', 0),
(281, 25, 110, 0, '2015-04-17 16:08:34', 0),
(282, 19, 111, 0, '2015-04-17 16:09:31', 0),
(283, 24, 111, 0, '2015-04-17 16:09:31', 0),
(284, 25, 111, 0, '2015-04-17 16:09:31', 0),
(285, 19, 112, 0, '2015-04-17 16:13:53', 0),
(286, 25, 112, 0, '2015-04-17 16:13:53', 0),
(287, 19, 113, 0, '2015-04-17 16:14:02', 0),
(288, 24, 113, 0, '2015-04-17 16:14:02', 0),
(289, 25, 113, 0, '2015-04-17 16:14:02', 0),
(290, 26, 113, 0, '2015-04-17 16:14:02', 0),
(291, 27, 113, 0, '2015-04-17 16:14:02', 0),
(292, 28, 113, 0, '2015-04-17 16:14:02', 0),
(293, 29, 113, 0, '2015-04-17 16:14:02', 0),
(294, 30, 113, 0, '2015-04-17 16:14:02', 0),
(295, 31, 113, 0, '2015-04-17 16:14:02', 0),
(296, 32, 113, 0, '2015-04-17 16:14:02', 0),
(297, 33, 113, 0, '2015-04-17 16:14:02', 0),
(298, 34, 113, 0, '2015-04-17 16:14:02', 0),
(299, 19, 114, 0, '2015-04-17 16:18:03', 0),
(300, 24, 114, 0, '2015-04-17 16:18:03', 0),
(301, 19, 115, 0, '2015-04-17 16:26:12', 0),
(302, 24, 115, 0, '2015-04-17 16:26:12', 0),
(303, 25, 115, 0, '2015-04-17 16:26:12', 0),
(304, 19, 116, 0, '2015-04-17 16:35:08', 0),
(305, 24, 116, 0, '2015-04-17 16:35:08', 0);

-- --------------------------------------------------------

--
-- テーブルの構造 `template`
--

CREATE TABLE IF NOT EXISTS `template` (
  `template_id` int(9) unsigned NOT NULL,
  `client_id` int(9) NOT NULL,
  `title` varchar(255) NOT NULL,
  `content` varchar(255) NOT NULL,
  `status` tinyint(1) unsigned NOT NULL DEFAULT '1',
  `created` datetime NOT NULL DEFAULT '1000-01-01 00:00:00',
  `updated` datetime NOT NULL DEFAULT '1000-01-01 00:00:00',
  `delete_flg` tinyint(1) unsigned NOT NULL DEFAULT '1'
) ENGINE=InnoDB DEFAULT CHARSET=utf8;

-- --------------------------------------------------------

--
-- テーブルの構造 `user`
--

CREATE TABLE IF NOT EXISTS `user` (
  `user_id` int(9) unsigned NOT NULL,
  `area_id` int(9) unsigned NOT NULL,
  `mail` varchar(255) NOT NULL,
  `password` varchar(255) NOT NULL,
  `name` varchar(255) NOT NULL,
  `name_kana` varchar(255) NOT NULL,
  `gender` tinyint(1) unsigned NOT NULL DEFAULT '0',
  `address` varchar(255) NOT NULL,
  `zip_code` varchar(255) NOT NULL,
  `phone` varchar(255) NOT NULL,
  `token` varchar(255) NOT NULL DEFAULT '' COMMENT 'token if status:0, it means register token',
  `birthdate` date NOT NULL DEFAULT '1000-01-01',
  `checked` tinyint(1) unsigned NOT NULL DEFAULT '0',
  `channel` varchar(255) NOT NULL DEFAULT '' COMMENT 'record sign up route',
  `created` datetime NOT NULL DEFAULT '1000-01-01 00:00:00',
  `updated` datetime NOT NULL DEFAULT '1000-01-01 00:00:00',
  `status` tinyint(1) unsigned NOT NULL DEFAULT '0',
  `delete_flg` tinyint(1) unsigned NOT NULL DEFAULT '0'
) ENGINE=InnoDB AUTO_INCREMENT=117 DEFAULT CHARSET=utf8;

--
-- テーブルのデータのダンプ `user`
--

INSERT INTO `user` (`user_id`, `area_id`, `mail`, `password`, `name`, `name_kana`, `gender`, `address`, `zip_code`, `phone`, `token`, `birthdate`, `checked`, `channel`, `created`, `updated`, `status`, `delete_flg`) VALUES
(1, 130, '1j1j1itfddg@yahoo.co.jp', '1a1dc91c907325c69271ddf0c944bc72', 'やまもと　やま', 'ヤマモト　ヤマ', 2, '東京都新宿区西新宿1-22-2 サンエービル', '1600023', '09000000000', '', '2015-04-30', 0, '', '2015-04-10 02:17:21', '2015-04-10 00:00:00', 1, 0),
(2, 150, 'hoge@hoge.com', 'f45731e3d39a1b2330bbf93e9b3de59e', '佐々木　裕太', 'ササキ　ユウタ', 2, '新潟県', '0000000', '09000000000', '', '2015-04-30', 0, '', '2015-04-10 02:17:22', '2015-04-10 00:00:00', 0, 0),
(3, 60, 'zako@zako.com', '719931acac86b6d8a7d5482ca145fe34', '菖蒲　優也', 'ザコ　エンジニア', 2, '山形県', '1111111', '09000000000', '', '2015-04-30', 0, '', '2015-04-10 02:17:25', '2015-04-10 00:00:00', 0, 0),
(101, 1101, 'phuthikimchi.jp@gmail.com', '48d6fc945e0bddba0d8195f2ab2abc9f', 'kimchi', 'キムチー', 1, '', '', '0123456789', '', '1992-09-29', 0, 'proto_a', '2015-04-17 12:38:56', '2015-04-17 12:38:56', 1, 0),
(106, 1101, 'jonny.tanpham@gmail.com', '14ead22739080a2f80ff19870c34ac3a', 'Hoang Tan', 'Hoang Tan KANA', 1, '', '', '0909515000', '', '1986-01-01', 0, 'proto_a', '2015-04-17 13:21:05', '2015-04-17 13:21:05', 1, 0),
(108, 13114, 'jazooztti@yahoo.co.jp', '19df35975074fa13474f94da9c778947', 'テスト山本裕也', 'testやまもと', 2, '', '', '09042117564', '', '1983-06-07', 0, 'proto_a', '2015-04-17 15:41:19', '2015-04-17 15:41:19', 1, 0),
(112, 5206, 'nobitis87@gmail.com', 'ebf11bb2a6dcb4b692f84e1568a3e7ee', 'phuong', 'phuong kana', 2, '', '', '0900123123123', '', '1960-01-01', 0, 'proto_a', '2015-04-17 16:13:53', '2015-04-17 16:13:53', 1, 0),
(113, 13104, 'jazttii@yahoo.co.jp', '3de0e50ea201b7d141f23fe62e2aa1b2', 'testやまもと', 'testやまもと', 2, '', '', '09042117564', '', '1983-01-01', 0, 'proto_a', '2015-04-17 16:14:02', '2015-04-17 16:14:02', 1, 0),
(114, 2207, 'neocareer1990@gmail.com', '01ac89ca0665e3906e7f02fb45d5475a', 'ngocdiep', 'キムチー', 2, '', '', '1234567890', '15b107f0b05e9e3416268cc2c0877a1f2ef261f28dc596147a5fa896bdf4009b', '1992-09-29', 0, 'proto_a', '2015-04-17 16:18:03', '2015-04-17 16:18:03', 0, 0),
(115, 5206, 'ayak826@gmail.com', '69fb91c7302fac87700e24f913f2eb39', '斎藤', 'さいとう', 1, '', '', '09099998888', '', '1991-06-07', 0, 'proto_a', '2015-04-17 16:26:12', '2015-04-17 16:26:12', 1, 0),
(116, 13114, 'jazttijaztti@yahoo.co.jp', 'b1f1216bdd481903e0d8bf28a476f1b0', 'testやまもと', 'testやまもと', 2, '', '', '09042117564', '', '1983-06-07', 0, 'proto_a', '2015-04-17 16:35:08', '2015-04-17 16:35:08', 1, 0);

-- --------------------------------------------------------

--
-- テーブルの構造 `withdrawal`
--

CREATE TABLE IF NOT EXISTS `withdrawal` (
  `withdrawal_id` int(9) unsigned NOT NULL,
  `user_id` int(9) unsigned NOT NULL,
  `reason` int(9) unsigned DEFAULT NULL,
  `message` varchar(255) DEFAULT NULL,
  `status` tinyint(1) unsigned NOT NULL DEFAULT '1',
  `created` datetime NOT NULL DEFAULT '1000-01-01 00:00:00',
  `delete_flg` tinyint(1) unsigned NOT NULL DEFAULT '0'
) ENGINE=InnoDB AUTO_INCREMENT=11 DEFAULT CHARSET=utf8;

--
-- テーブルのデータのダンプ `withdrawal`
--

INSERT INTO `withdrawal` (`withdrawal_id`, `user_id`, `reason`, `message`, `status`, `created`, `delete_flg`) VALUES
(1, 112, 0, 'test message', 1, '2015-04-17 16:23:36', 0),
(2, 112, 1, 'test message', 1, '2015-04-17 16:23:36', 0);

--
-- Indexes for dumped tables
--

--
-- Indexes for table `ads`
--
ALTER TABLE `ads`
  ADD PRIMARY KEY (`ads_id`,`ads_group_id`),
  ADD KEY `FK_ads_0` (`ads_group_id`),
  ADD KEY `FK_ads_1` (`job_id`);

--
-- Indexes for table `ads_group`
--
ALTER TABLE `ads_group`
  ADD PRIMARY KEY (`ads_group_id`);

--
-- Indexes for table `analyze`
--
ALTER TABLE `analyze`
  ADD PRIMARY KEY (`analyze_id`);

--
-- Indexes for table `analyze_job`
--
ALTER TABLE `analyze_job`
  ADD PRIMARY KEY (`analyze_job_id`);

--
-- Indexes for table `applicant_agency`
--
ALTER TABLE `applicant_agency`
  ADD PRIMARY KEY (`applicant_agency_id`,`user_id`,`client_id`),
  ADD KEY `FK_applicant_agency_0` (`user_id`),
  ADD KEY `FK_applicant_agency_1` (`client_id`);

--
-- Indexes for table `applicant_job`
--
ALTER TABLE `applicant_job`
  ADD PRIMARY KEY (`applicant_job_id`,`user_id`,`job_id`),
  ADD KEY `FK_applicant_job_0` (`user_id`),
  ADD KEY `FK_applicant_job_1` (`job_id`);

--
-- Indexes for table `area`
--
ALTER TABLE `area`
  ADD PRIMARY KEY (`area_id`);

--
-- Indexes for table `bookmark`
--
ALTER TABLE `bookmark`
  ADD PRIMARY KEY (`bookmark_id`,`user_id`,`job_id`),
  ADD KEY `FK_bookmark_0` (`user_id`),
  ADD KEY `FK_bookmark_1` (`job_id`);

--
-- Indexes for table `career_adviser`
--
ALTER TABLE `career_adviser`
  ADD PRIMARY KEY (`career_adviser_id`),
  ADD KEY `FK_career_adviser_0` (`client_id`);

--
-- Indexes for table `client`
--
ALTER TABLE `client`
  ADD PRIMARY KEY (`client_id`),
  ADD KEY `FK_client_0` (`area_id`);

--
-- Indexes for table `client_area_relation`
--
ALTER TABLE `client_area_relation`
  ADD PRIMARY KEY (`client_area_relation_id`),
  ADD KEY `client_relation_idx` (`client_id`),
  ADD KEY `area_relation_idx` (`area_id`);

--
-- Indexes for table `client_plan_group_relation`
--
ALTER TABLE `client_plan_group_relation`
  ADD PRIMARY KEY (`client_plan_group_relation_id`,`client_id`,`plan_group_id`),
  ADD KEY `FK_client_plan_group_relation_0` (`client_id`),
  ADD KEY `FK_client_plan_group_relation_1` (`plan_group_id`);

--
-- Indexes for table `contact`
--
ALTER TABLE `contact`
  ADD PRIMARY KEY (`contact_id`),
  ADD KEY `FK_contact_0` (`account_id`);

--
-- Indexes for table `image`
--
ALTER TABLE `image`
  ADD PRIMARY KEY (`image_id`),
  ADD KEY `FK_image_0` (`account_id`);

--
-- Indexes for table `job`
--
ALTER TABLE `job`
  ADD PRIMARY KEY (`job_id`),
  ADD KEY `FK_job_0` (`nursery_id`);

--
-- Indexes for table `nursery`
--
ALTER TABLE `nursery`
  ADD PRIMARY KEY (`nursery_id`),
  ADD KEY `FK_nursery_0` (`client_id`),
  ADD KEY `FK_nursery_1` (`area_id`);

--
-- Indexes for table `plan`
--
ALTER TABLE `plan`
  ADD PRIMARY KEY (`plan_id`);

--
-- Indexes for table `plan_group`
--
ALTER TABLE `plan_group`
  ADD PRIMARY KEY (`plan_group_id`);

--
-- Indexes for table `plan_group_relation`
--
ALTER TABLE `plan_group_relation`
  ADD PRIMARY KEY (`plan_group_relation_id`,`plan_group_id`,`plan_id`),
  ADD KEY `FK_plan_group_relation_0` (`plan_group_id`),
  ADD KEY `FK_plan_group_relation_1` (`plan_id`);

--
-- Indexes for table `scout`
--
ALTER TABLE `scout`
  ADD PRIMARY KEY (`scout_id`,`user_id`,`template_id`),
  ADD KEY `FK_scout_1` (`user_id`),
  ADD KEY `FK_scout_2` (`template_id`);

--
-- Indexes for table `send_job`
--
ALTER TABLE `send_job`
  ADD PRIMARY KEY (`send_job_id`);

--
-- Indexes for table `tag`
--
ALTER TABLE `tag`
  ADD PRIMARY KEY (`tag_id`),
  ADD KEY `FK_tag_0` (`tag_group_id`);

--
-- Indexes for table `tag_group`
--
ALTER TABLE `tag_group`
  ADD PRIMARY KEY (`tag_group_id`);

--
-- Indexes for table `tag_relation`
--
ALTER TABLE `tag_relation`
  ADD PRIMARY KEY (`tag_relation_id`),
  ADD KEY `FK_tag_relation_1` (`account_id`),
  ADD KEY `tag:tag_relation_idx` (`tag_id`);

--
-- Indexes for table `template`
--
ALTER TABLE `template`
  ADD PRIMARY KEY (`template_id`),
  ADD KEY `FK_template_0` (`client_id`);

--
-- Indexes for table `user`
--
ALTER TABLE `user`
  ADD PRIMARY KEY (`user_id`);

--
-- Indexes for table `withdrawal`
--
ALTER TABLE `withdrawal`
  ADD PRIMARY KEY (`withdrawal_id`,`user_id`),
  ADD KEY `FK_withdrawal_0` (`user_id`);

--
-- AUTO_INCREMENT for dumped tables
--

--
-- AUTO_INCREMENT for table `ads`
--
ALTER TABLE `ads`
  MODIFY `ads_id` int(9) unsigned NOT NULL AUTO_INCREMENT;
--
-- AUTO_INCREMENT for table `ads_group`
--
ALTER TABLE `ads_group`
  MODIFY `ads_group_id` int(9) unsigned NOT NULL AUTO_INCREMENT;
--
-- AUTO_INCREMENT for table `analyze`
--
ALTER TABLE `analyze`
  MODIFY `analyze_id` int(9) unsigned NOT NULL AUTO_INCREMENT,AUTO_INCREMENT=28;
--
-- AUTO_INCREMENT for table `analyze_job`
--
ALTER TABLE `analyze_job`
  MODIFY `analyze_job_id` int(9) unsigned NOT NULL AUTO_INCREMENT;
--
-- AUTO_INCREMENT for table `applicant_agency`
--
ALTER TABLE `applicant_agency`
  MODIFY `applicant_agency_id` int(9) unsigned NOT NULL AUTO_INCREMENT;
--
-- AUTO_INCREMENT for table `applicant_job`
--
ALTER TABLE `applicant_job`
  MODIFY `applicant_job_id` int(9) unsigned NOT NULL AUTO_INCREMENT;
--
-- AUTO_INCREMENT for table `area`
--
ALTER TABLE `area`
  MODIFY `area_id` int(9) unsigned NOT NULL AUTO_INCREMENT,AUTO_INCREMENT=47387;
--
-- AUTO_INCREMENT for table `bookmark`
--
ALTER TABLE `bookmark`
  MODIFY `bookmark_id` int(9) unsigned NOT NULL AUTO_INCREMENT;
--
-- AUTO_INCREMENT for table `career_adviser`
--
ALTER TABLE `career_adviser`
  MODIFY `career_adviser_id` int(9) unsigned NOT NULL AUTO_INCREMENT;
--
-- AUTO_INCREMENT for table `client`
--
ALTER TABLE `client`
  MODIFY `client_id` int(9) unsigned NOT NULL AUTO_INCREMENT,AUTO_INCREMENT=3;
--
-- AUTO_INCREMENT for table `client_area_relation`
--
ALTER TABLE `client_area_relation`
  MODIFY `client_area_relation_id` int(9) unsigned NOT NULL AUTO_INCREMENT;
--
-- AUTO_INCREMENT for table `client_plan_group_relation`
--
ALTER TABLE `client_plan_group_relation`
  MODIFY `client_plan_group_relation_id` int(9) unsigned NOT NULL AUTO_INCREMENT;
--
-- AUTO_INCREMENT for table `contact`
--
ALTER TABLE `contact`
  MODIFY `contact_id` int(9) unsigned NOT NULL AUTO_INCREMENT,AUTO_INCREMENT=86;
--
-- AUTO_INCREMENT for table `image`
--
ALTER TABLE `image`
  MODIFY `image_id` int(9) unsigned NOT NULL AUTO_INCREMENT;
--
-- AUTO_INCREMENT for table `job`
--
ALTER TABLE `job`
  MODIFY `job_id` int(9) unsigned NOT NULL AUTO_INCREMENT,AUTO_INCREMENT=4;
--
-- AUTO_INCREMENT for table `nursery`
--
ALTER TABLE `nursery`
  MODIFY `nursery_id` int(9) unsigned NOT NULL AUTO_INCREMENT,AUTO_INCREMENT=3;
--
-- AUTO_INCREMENT for table `plan`
--
ALTER TABLE `plan`
  MODIFY `plan_id` int(10) unsigned NOT NULL AUTO_INCREMENT,AUTO_INCREMENT=7;
--
-- AUTO_INCREMENT for table `plan_group_relation`
--
ALTER TABLE `plan_group_relation`
  MODIFY `plan_group_relation_id` int(10) unsigned NOT NULL AUTO_INCREMENT;
--
-- AUTO_INCREMENT for table `scout`
--
ALTER TABLE `scout`
  MODIFY `scout_id` int(9) unsigned NOT NULL AUTO_INCREMENT;
--
-- AUTO_INCREMENT for table `tag`
--
ALTER TABLE `tag`
  MODIFY `tag_id` int(9) unsigned NOT NULL AUTO_INCREMENT,AUTO_INCREMENT=85;
--
-- AUTO_INCREMENT for table `tag_group`
--
ALTER TABLE `tag_group`
  MODIFY `tag_group_id` int(9) unsigned NOT NULL AUTO_INCREMENT,AUTO_INCREMENT=8;
--
-- AUTO_INCREMENT for table `tag_relation`
--
ALTER TABLE `tag_relation`
  MODIFY `tag_relation_id` int(9) unsigned NOT NULL AUTO_INCREMENT,AUTO_INCREMENT=306;
--
-- AUTO_INCREMENT for table `template`
--
ALTER TABLE `template`
  MODIFY `template_id` int(9) unsigned NOT NULL AUTO_INCREMENT;
--
-- AUTO_INCREMENT for table `user`
--
ALTER TABLE `user`
  MODIFY `user_id` int(9) unsigned NOT NULL AUTO_INCREMENT,AUTO_INCREMENT=117;
--
-- AUTO_INCREMENT for table `withdrawal`
--
ALTER TABLE `withdrawal`
  MODIFY `withdrawal_id` int(9) unsigned NOT NULL AUTO_INCREMENT,AUTO_INCREMENT=11;
--
-- ダンプしたテーブルの制約
--

--
-- テーブルの制約 `ads`
--
ALTER TABLE `ads`
  ADD CONSTRAINT `FK_ads_0` FOREIGN KEY (`ads_group_id`) REFERENCES `ads_group` (`ads_group_id`),
  ADD CONSTRAINT `FK_ads_1` FOREIGN KEY (`job_id`) REFERENCES `job` (`job_id`);

--
-- テーブルの制約 `applicant_agency`
--
ALTER TABLE `applicant_agency`
  ADD CONSTRAINT `FK_applicant_agency_0` FOREIGN KEY (`user_id`) REFERENCES `user` (`user_id`),
  ADD CONSTRAINT `FK_applicant_agency_1` FOREIGN KEY (`client_id`) REFERENCES `client` (`client_id`);

--
-- テーブルの制約 `applicant_job`
--
ALTER TABLE `applicant_job`
  ADD CONSTRAINT `FK_applicant_job_0` FOREIGN KEY (`user_id`) REFERENCES `user` (`user_id`),
  ADD CONSTRAINT `FK_applicant_job_1` FOREIGN KEY (`job_id`) REFERENCES `job` (`job_id`);

--
-- テーブルの制約 `bookmark`
--
ALTER TABLE `bookmark`
  ADD CONSTRAINT `FK_bookmark_0` FOREIGN KEY (`user_id`) REFERENCES `user` (`user_id`),
  ADD CONSTRAINT `FK_bookmark_1` FOREIGN KEY (`job_id`) REFERENCES `job` (`job_id`);

--
-- テーブルの制約 `career_adviser`
--
ALTER TABLE `career_adviser`
  ADD CONSTRAINT `FK_career_adviser_0` FOREIGN KEY (`client_id`) REFERENCES `client` (`client_id`);

--
-- テーブルの制約 `client`
--
ALTER TABLE `client`
  ADD CONSTRAINT `FK_client_0` FOREIGN KEY (`area_id`) REFERENCES `area` (`area_id`);

--
-- テーブルの制約 `client_area_relation`
--
ALTER TABLE `client_area_relation`
  ADD CONSTRAINT `area_relation` FOREIGN KEY (`area_id`) REFERENCES `area` (`area_id`) ON DELETE NO ACTION ON UPDATE NO ACTION,
  ADD CONSTRAINT `client_relation` FOREIGN KEY (`client_id`) REFERENCES `client` (`client_id`) ON DELETE NO ACTION ON UPDATE NO ACTION;

--
-- テーブルの制約 `client_plan_group_relation`
--
ALTER TABLE `client_plan_group_relation`
  ADD CONSTRAINT `FK_client_plan_group_relation_0` FOREIGN KEY (`client_id`) REFERENCES `client` (`client_id`),
  ADD CONSTRAINT `FK_client_plan_group_relation_1` FOREIGN KEY (`plan_group_id`) REFERENCES `plan_group` (`plan_group_id`);

--
-- テーブルの制約 `job`
--
ALTER TABLE `job`
  ADD CONSTRAINT `FK_job_0` FOREIGN KEY (`nursery_id`) REFERENCES `nursery` (`nursery_id`);

--
-- テーブルの制約 `nursery`
--
ALTER TABLE `nursery`
  ADD CONSTRAINT `FK_nursery_0` FOREIGN KEY (`client_id`) REFERENCES `client` (`client_id`),
  ADD CONSTRAINT `FK_nursery_1` FOREIGN KEY (`area_id`) REFERENCES `area` (`area_id`);

--
-- テーブルの制約 `plan_group_relation`
--
ALTER TABLE `plan_group_relation`
  ADD CONSTRAINT `FK_plan_group_relation_0` FOREIGN KEY (`plan_group_id`) REFERENCES `plan_group` (`plan_group_id`),
  ADD CONSTRAINT `FK_plan_group_relation_1` FOREIGN KEY (`plan_id`) REFERENCES `plan` (`plan_id`);

--
-- テーブルの制約 `scout`
--
ALTER TABLE `scout`
  ADD CONSTRAINT `FK_scout_1` FOREIGN KEY (`user_id`) REFERENCES `user` (`user_id`),
  ADD CONSTRAINT `FK_scout_2` FOREIGN KEY (`template_id`) REFERENCES `template` (`template_id`);

--
-- テーブルの制約 `tag`
--
ALTER TABLE `tag`
  ADD CONSTRAINT `FK_tag_0` FOREIGN KEY (`tag_group_id`) REFERENCES `tag_group` (`tag_group_id`);

--
-- テーブルの制約 `tag_relation`
--
ALTER TABLE `tag_relation`
  ADD CONSTRAINT `tag:tag_relation` FOREIGN KEY (`tag_id`) REFERENCES `tag` (`tag_id`);

/*!40101 SET CHARACTER_SET_CLIENT=@OLD_CHARACTER_SET_CLIENT */;
/*!40101 SET CHARACTER_SET_RESULTS=@OLD_CHARACTER_SET_RESULTS */;
/*!40101 SET COLLATION_CONNECTION=@OLD_COLLATION_CONNECTION */;
